titulo,anio,url
"Deadpool 2",2018,https://archive.org/download/deadpool.2.2018.1080p.unratedduallatcinecalidad.to_202002/Deadpool.2.2018.1080p.unrated-dual-lat-cinecalidad.to.mp4
"Deadpool",2016,https://archive.org/download/01-dna/01%20Deadpool.mp4
"El regalo prometido",1996,https://archive.org/download/r-3g-4l-0-pr-0m-3t-1d0-1080p-lat-1.47-gb/R3g4l0%20Pr0m3t1d%E2%81%B0%201080p%20LAT%201.47%20GB.mp4
"It (Eso)",2017,https://archive.org/download/it-eso-2017-parte-2-hd-1080p-latino/IT%20ESO/It%20%28Eso%29%20%282017%29%20%20parte%201%20HD%201080p%20Latino.mp4
"Kraven el cazador",2024,https://archive.org/download/kraven.el.cazador.-2024.1080p-dual-lat/Kraven.el.cazador.2024.1080p-Dual-Lat.mp4
"Capitana Marvel",2019,https://archive.org/download/capitan-marvel-2019/Capitan%20Marvel%20%282019%29.mp4
"Transformers: la venganza de los caídos",2009,https://archive.org/download/tr-4nf-0rm-3r-6-1080p-dual-3.57-gb/Tr4n%24f0rm3r%24%202%201080p%202%2C41%20GB.mp4
"Transformers: el lado oscuro de la luna",2011,https://archive.org/download/tr-4nf-0rm-3r-6-1080p-dual-3.57-gb/Tr4n%24f0rm3r%24%203%201080p%20DUAL%202%2C48%20GB.mp4
"Transformers 5: El Ultimo Caballero",2017,https://1a-1791.com/video/fwe2/f6/s8/2/4/I/-/C/4I-CA.aaa.mp4
"Transformers 4: La Era de la Extinción",2014,https://1a-1791.com/video/fwe2/9b/s8/2/m/d/O/C/mdOCA.aaa.mp4
"12 Horas para sobrevivir: El Inicio",2018,https://archive.org/download/jurassic.world.fallen.kingdom.-2018.1080p-dual-lat-cinecalidad.to_202105/The%20First%20Purge%20%282018%29%20WEB-DL%20Dual%201080p%20%5BwWw.PelisMEGAHD.Pe%5D.mp4
"1917",2019,https://archive.org/download/1917.2019.1080p-dual-lat-cinecalidad.is_202102/1917.2019.1080p-dual-lat-cinecalidad.is.mp4
"Ajuste De Cuentas",2019,https://archive.org/download/a.score.to.settle.-2019.1080p-dual-lat-cinecalidad.is_202009/A.score.to.settle.2019.1080p-dual-lat-cinecalidad.is.mp4
"Aladdin",1992,https://1a-1791.com/video/fww1/eb/s8/2/a/z/O/k/azOkA.aaa.mp4
"Alfa",2018,https://archive.org/download/alpha-1080p-latino/Alpha.1080p.Latino.Mons.mp4
"Amenaza en el aire",2025,https://1a-1791.com/video/fww1/0a/s8/2/U/S/m/f/USmfA.aaa.mp4
"Angry Birds 2: la película",2019,https://archive.org/download/3sp-4nt-4t-1bur-0n-3-1080p-dual-3-37-gb/4ngr1y%20%202%202019.1080p%20HD%201%2C55%20GB.mp4
"Aquaman",2018,https://archive.org/download/aquaman-2018-1080p-latino/Aquaman%202018%201080p%20Latino.mp4
"Ash",2025,https://archive.org/download/45h_20250424/45h.mp4
"Bird Box: A Ciegas",2018,https://archive.org/download/bird.box.-2018.1080p-dual-lat-cinecalidad.to_202008/Bird.box.2018.1080p-dual-lat-cinecalidad.to.mp4
"Black Adam",2022,https://archive.org/download/kY4R5paR1S6cJ4hWBADM2022/kY4R5paR1S6cJ4hWBADM2022.mp4
"Bloodshot",2020,https://1a-1791.com/video/s8/2/O/c/e/C/OceCv.aaa.mp4
"Bob Esponja: Un héroe fuera del agua",2015,https://1a-1791.com/video/fwe2/a9/s8/2/Y/N/G/3/YNG3z.aaa.mp4
"Bohemian Rhapsody",2018,https://1a-1791.com/video/fww1/a8/s8/2/Q/T/o/x/QToxy.aaa.mp4
"Bunker",2023,https://archive.org/download/bunker-latino-1080p/Bunker%20%28Latino%29%201080p.ia.mp4
"Buscando a Dory",2016,https://1a-1791.com/video/fww1/17/s8/2/W/9/9/B/W99BA.aaa.mp4
"Búsqueda implacable 2",2012,https://1a-1791.com/video/fww1/06/s8/2/C/y/3/M/Cy3Mz.aaa.mp4
"Búsqueda implacable",2008,https://1a-1791.com/video/fww1/13/s8/2/Q/c/7/M/Qc7Mz.aaa.mp4
"Búsqueda implacable 3",2014,https://1a-1791.com/video/fww1/a6/s8/2/m/d/7/M/md7Mz.aaa.mp4
"Capitán América: Un nuevo mundo",2025,https://archive.org/download/cp-174n-m-3r-1c-4-n-n-3v-0-mnd-0.2025.1080/C%40p174n_%40m3r1c4_%40n_n%403v0_m%40nd0.2025.1080.mp4
"Coco",2017,https://archive.org/download/3sp-4nt-4t-1bur-0n-3-1080p-dual-3-37-gb/C0c0%20720p%20DUAL%201.57%20GB.mp4
"Code 8: renegados",2019,https://archive.org/download/codigo-8/codigo%208.mp4
"Cómo Entrenar A Tu Dragón",2010,https://1a-1791.com/video/fwe2/76/s8/2/y/g/f/a/ygfaA.aaa.mp4
"Cómo Entrenar A Tu Dragón 3",2019,https://1a-1791.com/video/fww1/c4/s8/2/6/m/i/a/6miaA.aaa.mp4
"Cónclave",2024,https://1a-1791.com/video/fwe2/3d/s8/2/O/C/v/T/OCvTx.aaa.mp4
"Crepúsculo: Luna nueva",2009,https://archive.org/download/comprimido_Jurassic.world.3.dominion.2022.1080p-dual-lat-cinecalidad.re/comprimido_The.twilight.saga.new.moon.2009.1080p-dual-lat.mp4
"Crepúsculo",2008,https://archive.org/download/comprimido_Jurassic.world.3.dominion.2022.1080p-dual-lat-cinecalidad.re/comprimido_Twilight%202008%201080p%20dual%20lat%20mp4.mp4
"Crepúsculo: Eclipse",2010,https://archive.org/download/comprimido_Jurassic.world.3.dominion.2022.1080p-dual-lat-cinecalidad.re/comprimido_The.twilight.saga.eclipse.2010.1080p-dual-lat.mp4
"Crepúsculo:  Amanecer - Parte 1",2011,https://1a-1791.com/video/fwe2/f8/s8/2/c/L/U/M/cLUMz.aaa.mp4
"Crepúsculo:  Amanecer - Parte 2",2012,https://1a-1791.com/video/fwe2/6a/s8/2/2/K/U/M/2KUMz.aaa.mp4
"De vuelta a la acción",2025,https://archive.org/download/m-15-84m-2-2025.1080/V%403174_4_14_%40cc10n_2025.1080.mp4
"Descuida, yo te cuido",2021,https://1a-1791.com/video/fww1/d4/s8/2/4/6/T/H/46THz.aaa.mp4
"Dulce noviembre",2001,https://1a-1791.com/video/fwe2/df/s8/2/m/X/a/N/mXaNz.aaa.mp4
"El abismo secreto",2025,https://1a-1791.com/video/fww1/67/s8/2/e/A/G/f/eAGfA.aaa.mp4
"El atrapasueños",2020,https://archive.org/download/dreamkatcher.-2020.1080p-dual-lat-cinecalidad.is_202008/Dreamkatcher.2020.1080p-dual-lat-cinecalidad.is.mp4
"El cadáver de la novia",2005,https://archive.org/download/3sp-4nt-4t-1bur-0n-3-1080p-dual-3-37-gb/nov14%20c4d%C3%A1v3r%20%282005%29%20720p%20DUAL%201%2C15%20GB.mp4
"El Cuervo",2024,https://archive.org/download/el-cuervo-2024/El%20cuervo%20%282024%29.mp4
"El Día del Fin del Mundo",2020,https://archive.org/download/peliculas_202102/%20Greenland-%20El%20%C3%BAltimo%20refugio.mp4
"El Diario De La Princesa",2001,https://1a-1791.com/video/s8/2/9/q/D/a/9qDat.aaa.mp4
"El Duro",2024,https://archive.org/download/pm-yfq.aaa/PmYFq.aaa.mp4
"El espanta tiburones",2004,https://1a-1791.com/video/fw/s8/2/X/m/V/y/XmVyr.aaa.mp4
"El Exorcista del Papa",2023,https://hugh.cdn.rumble.cloud/video/fwe2/2d/s8/2/m/U/N/y/mUNyA.aaa.mp4
"El extraño mundo de Jack",1993,https://archive.org/download/3sp-4nt-4t-1bur-0n-3-1080p-dual-3-37-gb/J4ck%27%24%201993%20720p%20DUAL%201.15%20GB.ia.mp4
"El Hobbit 2: La Desolación de Smaug",2013,https://archive.org/download/the.fate.of.the.furious.-2017.1080p-dual-lat/The.Hobbit.The.Desolation.Of.Smaug.2013.bluray-latino-e-ingles-subt.mp4
"El Hombre Invisible",2020,https://archive.org/download/el-hombre-invisible.-2020.1080p-dual-lat-cinecalidad.mp-4/El%20hombre%20invisible.2020.1080p-dual-lat-cinecalidad.mp4.mp4
"El Implacable",2017,https://archive.org/download/jurassic.world.fallen.kingdom.-2018.1080p-dual-lat-cinecalidad.to_202105/The.foreigner.2017.1080p-dual-lat-cinecalidad.to.mp4
"El Libro de la Selva",2016,https://1a-1791.com/video/fww1/a0/s8/2/s/e/x/j/sexjz.aaa.mp4
"El Pájaro Loco se va de campamento",2024,https://archive.org/download/w0_0d1/w0_0d1.mp4
"El pasajero",2018,https://archive.org/download/the.commuter.-2018.1080p-dual-lat-cinecalidad.to_202008/The.commuter.2018.1080p-dual-lat-cinecalidad.to.mp4
"El proyecto Adam",2022,https://1a-1791.com/video/s8/2/p/n/G/6/pnG6j.aaa.mp4
"El último respiro",2025,https://1a-1791.com/video/fww1/76/s8/2/E/A/w/c/EAwcA.aaa.mp4
"En la ruta del narco",2019,https://archive.org/download/running.with.the.devil.-2019.1080p-dual-lat-cinecalidad.is/Running.with.the.devil.2019.1080p-dual-lat-cinecalidad.is.mp4
"En Tierra de Santos y Pecadores",2023,https://archive.org/download/en-tierra-de-santos-pecadorea-2023.1080p-dual-lat-cinecalidad.re/En%20Tierra%20De%20Santos%20Pecadorea%202023.1080p-dual-lat-cinecalidad.re.mp4
"Encantada",2007,https://1a-1791.com/video/fww1/d7/s8/2/H/J/s/A/HJsAy.aaa.mp4
"Escala Obligada",2017,https://archive.org/download/the.layover.-2017.1080p-dual-lat/The.layover.2017.1080p-dual-lat.mp4
"Ése es mi hijo",2012,https://archive.org/download/h-4rr-1y-p-0tt-3r-p-4rt-3-1-1080p-dual-4.69-gb/Ezs3%20E%27s%20m1%20h1j%E2%81%B0%20%282012%29%20HD%201%2C51%20GB.mp4
"Estación Zombie 2: Península",2020,https://archive.org/download/estacion-zombie_202504/Estaci%C3%B3n%20zombie%202%20Pen%C3%ADnsula.mp4
"Estación Zombie: tren a Busan",2016,https://archive.org/download/estacion-zombie_202504/Estaci%C3%B3n%20zombie.mp4
"Estragos",2025,https://1a-1791.com/video/fwe2/83/s8/2/y/Q/s/c/yQscA.aaa.mp4
"Fenómeno",1996,https://hugh.cdn.rumble.cloud/video/fwe2/62/s8/2/K/W/N/q/KWNqA.aaa.mp4
"Five Nights at Freddy's",2023,https://archive.org/download/fnaf-1080p-hd-espanol-latino/FNAF_1080p_HD%20espa%C3%B1ol%20latino.ia.mp4
"Flamin' Hot: El sabor que cambió la historia",2023,https://archive.org/download/fl-4m-1n-h-0t-1080p-lat-3.59-gb_202312/Fl4m1n%20H0t%20%201080p%20LAT%203.59%20GB.mp4
"Frankenweenie",2012,https://archive.org/download/3sp-4nt-4t-1bur-0n-3-1080p-dual-3-37-gb/Fr4nk3nw33n13%202012%20HD%201%2C3%20GB.mp4
"G20",2025,https://1a-1791.com/video/fww1/4f/s8/2/P/W/s/W/PWsWy.aaa.mp4
"Garfield 2",2006,https://archive.org/download/g-4rf-13ld-2-1080p-lat-2-42-gb/G4rf13ld%202%201080p%20LAT%202%2C42%20GB.mp4
"Ghost Rider 2: Espíritu de Venganza",2011,https://1a-1791.com/video/fww1/35/s8/2/o/d/E/X/odEXz.aaa.mp4
"G.I. Joe: Snake Eyes",2021,https://1a-1791.com/video/fwe1/67/s8/2/x/g/7/r/xg7rw.aaa.mp4
"Gladiador",2000,https://1a-1791.com/video/fwe2/c7/s8/2/o/F/_/B/oF_BA.aaa.mp4
"Gran Turismo: De jugador a corredor",2023,https://archive.org/download/gran-turismo-based-on-a-true-story-2023-1080p-web-dl-ma-ligera-latino-5.1/Gran%20Turismo%20Based%20on%20a%20True%20Story%202023%201080p%20WEB-DL%20MA%20LIGERA%20Latino%205.1.mp4
"Háblame",2023,https://archive.org/download/7547_20231024/7547.mp4
"Harry Potter y el misterio del príncipe",2009,https://archive.org/download/h-4rr-1y-p-0tt-3r-6-1080p-dual-4.6-gb/H4rr1y%20p0tt3r%206%201080p%20DUAL%204.6%20GB.mp4
"Harry Potter y la orden del Fénix",2007,https://archive.org/download/h-4rr-1y-p-0tt-3r-6-1080p-dual-4.6-gb/H4rr1y%20p0tt3r%205%201080p%20DUAL%204.43%20GB.mp4
"Harry Potter y las reliquias de la muerte: Parte 2",2011,https://archive.org/download/h-4rr-1y-p-0tt-3r-p-4rt-3-1-1080p-dual-4.69-gb/H4rr1y%20p0tt3r%20P4rt3%202%201080p%20DUAL%204.18%20GB.mp4
"Holland",2025,https://1a-1791.com/video/fww1/1c/s8/2/r/i/t/A/ritAy.aaa.mp4
"Hombres de negro: Internacional",2019,https://archive.org/download/men.in.black.international.-2019.1080p-dual-lat-cinecalidad.to_202009/Men.in.black.international.2019.1080p-dual-lat-cinecalidad.to.mp4
"Home: No hay lugar como el hogar",2015,https://archive.org/download/3sp-4nt-4t-1bur-0n-3-1080p-dual-3-37-gb/Home%20%282015%29%20HD%201%2C4%20GB.mp4
"Ip Man 4",2019,https://archive.org/download/1p.man.-4.th-3.f-1n-4l-3.2019.1080p-dual-lat-cinecalidad.is/1p.man.4.th3.f1n4l3.2019.1080p-dual-lat-cinecalidad.is.mp4
"IT",1990,https://archive.org/download/it-eso-2017-parte-2-hd-1080p-latino/IT%20ESO/IT%2C720p.mp4
"Jexi: Un celular sin filtro",2019,https://1a-1791.com/video/fwe1/6c/s8/2/S/R/h/s/SRhsy.aaa.mp4
"John Wick 2: Un Nuevo Día para Matar",2017,https://archive.org/download/JW_Saga_FC/JW_2_2017_FC.mp4
"John Wick 3: Parabellum",2019,https://archive.org/download/1p.man.-4.th-3.f-1n-4l-3.2019.1080p-dual-lat-cinecalidad.is/OP-J0HN-W1CK-3-FHD-2019.mp4
"John Wick 4",2023,https://archive.org/download/JW_Saga_FC/JW_4_2023_FC.mp4
"Junto a los Dioses 2: Los Últimos 49 Días",2018,https://archive.org/download/along.with.the.gods.the.last.-49.days.-2018.1080p-dual-lat-cinecalidad.to/Along.with.the.gods.the.last.49.days.2018.1080p-dual-lat-cinecalidad.to.mp4
"El mundo perdido: Jurassic Park",1997,https://archive.org/download/jur-4s-1c-2-720p-lat-1-78-gb/Jur4%24s1c%202%20720p%20LAT%201%2C78%20GB.mp4
"Jurassic World 2: El Reino Caído",2018,https://archive.org/download/jurassic.world.fallen.kingdom.-2018.1080p-dual-lat-cinecalidad.to_202105/Jurassic.world.fallen.kingdom.2018.1080p-dual-lat-cinecalidad.to.mp4
"Jurassic World Dominio",2022,https://archive.org/download/comprimido_Jurassic.world.3.dominion.2022.1080p-dual-lat-cinecalidad.re/comprimido_Jurassic.world.3.dominion.2022.1080p-dual-lat-cinecalidad.re.mp4
"Justicia Implacable",2021,https://archive.org/download/justicia.implacable.-2021.1080p-dual-lat/Justicia.implacable.2021.1080p-dual-lat.mp4
"Kung Fu Panda 4",2024,https://hugh.cdn.rumble.cloud/video/fwe2/b5/s8/2/c/z/h/w/czhwA.aaa.mp4
"La cabaña",2017,https://archive.org/download/la-cabana/La%20caba%C3%B1a.mp4
"La Cacería",2020,https://archive.org/download/the.hunt.-2020.1080p-dual-lat-cinecalidad.is_202008/The.hunt.2020.1080p-dual-lat-cinecalidad.is.mp4
"La era de hielo: Choque de mundos",2016,https://archive.org/download/collisionage/collisionage.mp4
"La Leyenda de la Llorona",2011,https://archive.org/download/2011-la-leyenda-de-la-llorona-1080p-web-dl.-nx.-1080p.-h-264.-latino/%282011%29%20La%20Leyenda%20de%20la%20Llorona%20_%201080pWebDL.Nx.1080p.H264.Latino.mp4
"La novia de Chucky",1998,https://archive.org/download/cho-0ck-1y-la-n-0v-1a-1080p-lat-1.1-gb/Cho0ck1yLaN0v1a%20%201080p%20LAT%201.1%20GB.mp4
"La Propuesta",2009,https://1a-1791.com/video/fwe2/cf/s8/2/0/2/w/T/02wTz.aaa.mp4
"La sustancia",2024,https://archive.org/download/l-4-ust-4nci-4-2024/L4%20%24ust4nci4%20%282024%29.mp4
"La vieja guardia",2020,https://archive.org/download/the.old.guard.-2020.1080p-dual-lat-cinecalidad.is_20200806/The.old.guard.2020.1080p-dual-lat-cinecalidad.is.mp4
"Last Christmas: Otra oportunidad para amar",2019,https://dn720300.ca.archive.org/0/items/lastchristmasotraoportunidadparaamar2019/Last%20Christmas%20Otra%20oportunidad%20para%20amar%20%282019%29.mp4
"Los extraños: Cacería nocturna",2018,https://archive.org/download/jurassic.world.fallen.kingdom.-2018.1080p-dual-lat-cinecalidad.to_202105/The.strangers.prey.at.night.2018.1080p-dual-lat-cinecalidad.to.mp4
"Los jóvenes titanes en acción vs. Los jóvenes titanes",2019,https://1a-1791.com/video/fwe2/24/s8/2/O/Z/-/m/OZ-mz.aaa.mp4
"Los juegos del hambre",2012,https://1a-1791.com/video/fww1/74/s8/2/Q/8/B/B/Q8BBz.aaa.mp4
"Lucy",2014,https://archive.org/download/the.fate.of.the.furious.-2017.1080p-dual-lat/Lucy.2014.bluray-latino-e-ingles-subt.mp4
"Madagascar 2: Escape de África",2008,https://archive.org/download/m-4d-4g-4c-4r-2-1080p-dual-3-14-gb/M4d4g4%24c4r%202%201080p%20DUAL%203%2C14%20GB.mp4
"Madagascar 3: Los Fugitivos",2012,https://archive.org/download/m-4d-4g-4c-4r-2-1080p-dual-3-14-gb/M4d4g4%24c4r%203%20720p%20DUAL%201%2C66%20GB.mp4
"Maléfica 2: La Dueña del Mal",2019,https://archive.org/download/the.fate.of.the.furious.-2017.1080p-dual-lat/Maleficent.mistress.of.evil.2019.1080p-dual-lat-cinecalidad.is.mp4
"Maléfica",2014,https://archive.org/download/the.fate.of.the.furious.-2017.1080p-dual-lat/Maleficent.2014.bluray-latino-e-ingles-subt.mp4
"Mi pobre angelito 2: Perdido en Nueva York",1992,https://archive.org/download/m-1-p-0br-3-4ng-3l-1t-0-2-1080p-lat-2.8-gb/M1%20p0br3%204ng3l1t0%202%201080p%20LAT%202.8%20GB.mp4
"Mickey 17",2025,https://archive.org/download/p-3cd-0r-35-2025.1080/M1ck3y_17_N3w.2025.1080.mp4
"Minions: Nace un villano",2022,https://archive.org/download/minions.-nace.-un.-villano.-1080p.-dual-latino./Minions.%20Nace.Un.Villano.1080p.Dual-Latino..mp4
"Misión imposible 4: Protocolo fantasma",2011,https://1a-1791.com/video/fww1/b3/s8/2/e/-/v/B/e-vBA.aaa.mp4
"Mob Town",2019,https://archive.org/download/mob.-town.-2019.1080p-dual-lat-cinecalidad.is/Mob.Town.2019.1080p-dual-lat-cinecalidad.is.mp4
"Mulán",2020,https://archive.org/download/m-2l-9-n.-2020.1080p-dual-lat/M2l9N.2020.1080p-dual-lat.mp4
"Nivel Intrépido",2020,https://archive.org/download/intretepido/intretepido.mp4
"No hables con extraños",2024,https://1a-1791.com/video/s8/2/8/Q/1/U/8Q1Ut.aaa.mp4
"Nueva York Sin Salida",2019,https://archive.org/download/21.bridges.-2019.1080p-dual-lat-cinecalidad.is.mp-4/21.bridges.2019.1080p-dual-lat-cinecalidad.is.mp4
"Obsesión",2019,https://archive.org/download/serenity.-2019.1080p-dual-lat-cinecalidad.is/Serenity.2019.1080p-dual-lat-cinecalidad.is.mp4
"Pequeña gran vida",2017,https://hugh.cdn.rumble.cloud/video/fww1/f0/s8/2/7/g/U/E/7gUEy.aaa.mp4
"Rápidos y furiosos X",2023,https://1a-1791.com/video/fwe1/9a/s8/2/F/a/u/-/Fau-v.aaa.mp4
"Rápidos y Furiosos: Hobbs y Shaw",2019,https://archive.org/download/fast.and.furious.presents.hobbs.and.shaw.2019.1080pduallatcinecalidad.is/Fast.and.furious.presents.hobbs.and.shaw.2019.1080p-dual-lat-cinecalidad.is.mp4
"Rascacielos: Rescate En Las Alturas",2018,https://archive.org/download/jurassic.world.fallen.kingdom.-2018.1080p-dual-lat-cinecalidad.to_202105/Skyscraper%20%282018%29%20WEB-DL%20DuaL%201080p%20%5BwWw.PelisMEGAHD.Pe%5D.mp4
"Rebel Moon (Parte dos): La guerrera que deja marcas",2024,https://archive.org/download/reset-peliculas-abr-24-ver-rebel-moon-parte-dos-la-guerrera-que-deja-marcas-online-hd-cuevana-2/reset_peliculas_abr24_Ver%20Rebel%20Moon%20-%20Parte%20Dos-%20La%20Guerrera%20que%20Deja%20Marcas%20online%20HD%20-%20Cuevana%202.mp4
"Red",2022,https://archive.org/download/3sp-4nt-4t-1bur-0n-3-1080p-dual-3-37-gb/R3d%27%24%20%282022%29%20720p%20DUAL%201%20GB.mp4
"Represalia",2018,https://archive.org/download/reprisal.-2018.1080p-dual-lat-cinecalidad.is/Reprisal.2018.1080p-dual-lat-cinecalidad.is.mp4
"Río 2",2014,https://archive.org/download/rio.-2.2014.-bdrip.-1080p.-rus.-eng/Rio.2.2014.BDRip.1080p.Rus.Eng.mp4
"Robots",2005,https://hugh.cdn.rumble.cloud/video/fwe2/ff/s8/2/W/S/x/s/WSxsA.aaa.mp4
"Rocky",1976,https://1a-1791.com/video/fwe2/7d/s8/2/y/G/y/o/yGyoz.aaa.mp4
"Rocky IV",1985,https://archive.org/download/c-0m-0-p-3rd-3r-a-0n-h-0mbr-3-3n-10-di-4s-2003-1080p-dual-4.22-gb/R0ck1y%204%20720p%20LAT%201.18%20GB.mp4
"Rocky V",1990,https://1a-1791.com/video/fwe2/de/s8/2/a/F/y/o/aFyoz.aaa.mp4
"Rocky III",1982,https://1a-1791.com/video/fwe2/7f/s8/2/K/E/y/o/KEyoz.aaa.mp4
"Rogue",2020,https://archive.org/download/rogue.-2020.1080p-dual-lat-cinecalidad.is/Rogue.2020.1080p-dual-lat-cinecalidad.is.mp4
"Romper el círculo",2024,https://archive.org/download/sxqg-rw-5kcy-b-3a-xro-ifvz-lj-iw-mj-q.-lat/SXQgRW5kcyB3aXRoIFVzLjIwMjQ%3D.LAT.mp4
"Rush: Pasión y Gloria",2013,https://archive.org/download/rush.-2013.1080p-dual-lat/Rush.2013.1080p-dual-lat.mp4
"Scream 2: Grita y vuelve a Gritar",1997,https://1a-1791.com/video/s8/2/I/G/n/Y/IGnYs.aaa.mp4?u=0&amp;b=0
"Scream 3: La Máscara de la Muerte",2000,https://1a-1791.com/video/s8/2/1/Z/I/Y/1ZIYs.aaa.mp4?u=0&amp;b=0
"Scream 4",2011,https://1a-1791.com/video/s8/2/Q/v/J/Y/QvJYs.aaa.mp4?u=0&amp;b=0
"Scream 6",2023,https://archive.org/download/scream.-6.2023.1080p-dual-lat/Scream.6.2023.1080p-dual-lat.mp4
"¡Shazam!",2019,https://archive.org/download/along.with.the.gods.the.last.-49.days.-2018.1080p-dual-lat-cinecalidad.to_202006/Shazam.2019.1080p-dual-lat-cinecalidad.to.mp4
"Siete almas",2008,https://archive.org/download/sev-3n-7-alm-4-1080p-dual-4.57-gb/Sev3n7%20Alm4%27%24%201080p%20DUAL%204.57%20GB.mp4
"Sin Escape",2015,https://1a-1791.com/video/s8/2/B/D/-/J/BD-Js.aaa.mp4
"Spenser: confidencial",2020,https://archive.org/download/spenser.confidential.2020.1080pduallatcinecalidad.is_202003/Spenser.confidential.2020.1080p-dual-lat-cinecalidad.is.mp4
"Spider-Man 2: Lejos de Casa",2019,https://1a-1791.com/video/fww1/02/s8/2/G/6/f/F/G6fFA.aaa.mp4
"Los Locos Addams",2019,https://archive.org/download/4dd-3m-2-1080p-dual-5.19-gb/4dd3m%24%201%201080p%201%2C39%20GB.mp4
"Harry Potter y las reliquias de la muerte (1ª parte)",2010,https://archive.org/download/h-4rr-1y-p-0tt-3r-p-4rt-3-1-1080p-dual-4.69-gb/H4rr1y%20p0tt3r%20P4rt3%201%201080p%20DUAL%204.69%20GB.mp4
"Yo creo",2019,https://archive.org/download/yo-creo-2017-1080p-latino/Yo%20Creo%20%282017%29%201080p%20Latino.mp4
"Spider-Man: Un nuevo universo",2018,https://1a-1791.com/video/fwe2/91/s8/2/e/H/Z/E/eHZEA.aaa.mp4
"Volver al Futuro",1985,https://archive.org/download/back.to.the.future.-1.1985.1080p-dual-lat/Back.to.the.future.1.1985.1080p-dual-lat.mp4
"Super Mario Bros. La película",2023,https://1a-1791.com/video/fww1/9c/s8/2/-/V/b/c/-VbcA.aaa.mp4
"Terminator 3: La rebelión de las máquinas",2003,https://archive.org/download/ver-terminator-3-la-rebelion-de-las-maquinas-2003/Ver%20Terminator%203%20La%20rebeli%C3%B3n%20de%20las%20m%C3%A1quinas%20%282003%29.ia.mp4
"Terminator: Salvación",2009,https://1a-1791.com/video/fwe2/d1/s8/2/q/8/7/r/q87rz.aaa.mp4
"Terminator: Génesis",2015,https://archive.org/download/the.fate.of.the.furious.-2017.1080p-dual-lat/Terminator.genisys.2015.hd-dual-lat.mp4
"Terminator: Destino Oculto",2019,https://archive.org/download/ver-terminator-destino-oscuro-2019/Ver%20Terminator%20Destino%20oscuro%20%282019.mp4
"Tornados",2024,https://archive.org/download/t-0rnd-05-2025.1080/T0rn%40d05_2025.1080.mp4
"Toy Story 2",1999,https://hugh.cdn.rumble.cloud/video/fww1/08/s8/2/Q/j/H/z/QjHzA.aaa.mp4
"Toy Story 4",2019,https://hugh.cdn.rumble.cloud/video/fwe2/d3/s8/2/8/H/Z/z/8HZzA.aaa.mp4
"Travesuras de una Princesa",2004,https://1a-1791.com/video/fwe2/ec/s8/2/u/G/q/3/uGq3z.aaa.mp4
"Tres Metros Sobre El Cielo",2010,https://1a-1791.com/video/fww1/81/s8/2/K/U/r/P/KUrPz.aaa.mp4
"Triple frontera",2019,https://archive.org/download/the.gentlemen.-2020.1080p-dual-lat-cinecalidad.is_202008/Triple.frontier.2019.1080p-dual-lat-cinecalidad.is.mp4
"Trolls 2: Gira Mundial",2020,https://archive.org/download/c-0m-0-p-3rd-3r-a-0n-h-0mbr-3-3n-10-di-4s-2003-1080p-dual-4.22-gb/Tr0ll%24%202%20G1r4%20mund14l%20%282020%29%201080p%20DUAL%202.4%20GB.mp4
"Un lugar en silencio: Día uno",2024,https://hugh.cdn.rumble.cloud/video/fwe2/a9/s8/2/O/w/M/7/OwM7z.aaa.mp4
"Un sueño posible",2009,https://hugh.cdn.rumble.cloud/video/fwe2/50/s8/2/c/J/u/L/cJuLz.aaa.mp4
"Unidos",2020,https://archive.org/download/onward.-2020.1080p-dual-lat-cinecalidad.is/Onward.2020.1080p-dual-lat-cinecalidad.is.mp4
"Upgrade: Máquina asesina",2018,https://archive.org/download/TalesFromTheHood22018HD1080pLatino/Upgrade%20M%C3%A1quina%20asesina%20-%20Upgrade%20%282018%29.mp4
"Valerian y La Ciudad De Los Mil Planetas",2017,https://1a-1791.com/video/fww1/cc/s8/2/M/4/0/F/M40Fz.aaa.mp4
"Venom",2018,https://hugh.cdn.rumble.cloud/video/s8/2/A/t/L/U/AtLUn.aaa.mp4
"Viaje 2: La Isla Misteriosa",2012,https://hugh.cdn.rumble.cloud/video/fww1/5a/s8/2/4/C/o/z/4CozA.aaa.mp4
"#Vivo",2020,https://archive.org/download/alive.-2020.1080p-dual-lat-cinecalidad.is/Alive.2020.1080p-dual-lat-cinecalidad.is.mp4
"Volver al Futuro 3",1990,https://archive.org/download/back.to.the.future.-3.1990.1080p-dual-lat/Back.to.the.future.3.1990.1080p-dual-lat.mp4
"Wish: El poder de los deseos",2023,https://archive.org/download/3l-inf-13rn-0-1080p-lat-2-42-gb/W1%24h%20%282023%29%201080p%20DUAL%201.87%20GB.mp4
"X-Men orígenes: Wolverine",2009,https://archive.org/download/jurassic.world.fallen.kingdom.-2018.1080p-dual-lat-cinecalidad.to_202105/XMN-ORGWOLWE-2009-18pl4T.mp4
"Abigail",2024,https://hugh.cdn.rumble.cloud/video/fw/s8/2/K/x/C/5/KxC5r.aaa.mp4
"Ad vitam",2025,https://1a-1791.com/video/fwe2/37/s8/2/A/7/0/_/A70_z.aaa.mp4
"Aladdín",2019,https://pixeldrain.com/api/file/AZEF9shn
"Alerta en lo Profundo",1999,https://1a-1791.com/video/fww1/69/s8/2/c/6/O/P/c6OPz.aaa.mp4
"Alicia en el país de las maravillas",2010,https://archive.org/download/c-4p-3r-1n-1995-720p-lat-1.65-gb_202504/Do%C3%B14l1c14%201080p%20DUAL%201%2C59%20GB.mp4
"Amigos imaginarios",2024,https://ia801509.us.archive.org/24/items/el-prisionero-jaclie-chan-y-sammo-hung-cine-de-artes-marciales-en-hd-hd/AMIGOS%20IMAGINARIOS_HD.mp4
"Amor explosivo",2025,https://archive.org/download/th-3-170-kn-1gh-75-2025.1080_202507/%40M0R_3XP1051V0_2025.1080.mp4
"Ángeles de Charlie",2019,https://1a-1791.com/video/fww1/91/s8/2/g/C/E/4/gCE4y.aaa.mp4
"Atlantis: El imperio perdido",2001,https://1a-1791.com/video/fww1/45/s8/2/o/I/m/Y/oImYz.aaa.mp4
"Bad Boys: Hasta la muerte",2024,https://1a-1791.com/video/fww1/b1/s8/2/W/0/-/A/W0-AA.aaa.mp4
"Bala Perdida 2",2022,https://1a-1791.com/video/fww1/90/s8/2/d/F/I/Z/dFIZy.aaa.mp4
"La bala perdida 3",2025,https://1a-1791.com/video/fww1/14/s8/2/P/K/B/I/PKBIy.aaa.mp4
"Blanca Nieves y los siete enanos",1938,https://1a-1791.com/video/fww1/55/s8/2/B/h/R/A/BhRAy.aaa.mp4
"Brigada A: Los Magníficos",2010,https://1a-1791.com/video/fwe2/4b/s8/2/k/s/x/m/ksxmA.aaa.mp4
"Buenos Muchachos",1990,https://1a-1791.com/video/fwe2/50/s8/2/C/b/6/P/Cb6Pz.aaa.mp4
"Capitán América: Civil War",2016,https://archive.org/download/mcu_f453_3/01%20Capit%C3%A1n%20Am%C3%A9rica%3B%20Civil%20War.mp4
"Capitán América y el Soldado del Invierno",2014,https://1a-1791.com/video/fwe2/25/s8/2/C/L/h/l/CLhlA.aaa.mp4
"Compañera perfecta",2025,https://archive.org/download/l-f-3n-73-d-3-14-jv-3n-7d-2025.1080/C0mp%40%C3%B13r4_P3rf3c7%40_2025.1080.mp4
"Contraataque",2025,https://1a-1791.com/video/fwe2/a8/s8/2/y/F/v/o/yFvoy.aaa.mp4
"Destino Final 4",2009,https://hugh.cdn.rumble.cloud/video/fww1/2d/s8/2/D/H/u/y/DHuyy.aaa.mp4
"Dios no está muerto 2",2016,https://hugh.cdn.rumble.cloud/video/fww1/fd/s8/2/6/i/k/P/6ikPz.aaa.mp4
"Doctor Strange en el multiverso de la locura",2022,https://1a-1791.com/video/fww1/c7/s8/2/s/K/y/i/sKyiA.aaa.mp4
"Drop: Amenaza anónima",2025,https://1a-1791.com/video/fww1/ac/s8/2/K/D/i/c/KDicA.aaa.mp4
"El Cuervo 2: Ciudad de ángeles",1996,https://hugh.cdn.rumble.cloud/video/fww1/f2/s8/2/S/a/N/q/SaNqA.aaa.mp4
"El Efecto Mariposa",2004,https://hugh.cdn.rumble.cloud/video/fww1/12/s8/2/Q/J/J/x/QJJxz.aaa.mp4
"El ladrón de joyas",2025,https://1a-1791.com/video/fwe2/82/s8/2/g/g/v/c/ggvcA.aaa.mp4
"El mono",2025,https://1a-1791.com/video/fwe2/69/s8/2/E/e/G/f/EeGfA.aaa.mp4
"El Rey Mono",2023,https://archive.org/download/m-0-nk-3y-k-1/M0_nk3y-K1.mp4
"El robo perfecto",2018,https://hugh.cdn.rumble.cloud/video/fwe1/aa/s8/2/E/u/s/X/EusXw.aaa.mp4
"El vengador",2009,https://1a-1791.com/video/fww1/89/s8/2/u/Q/F/S/uQFSz.aaa.mp4
"Equipaje de mano",2024,https://1a-1791.com/video/fwe2/ab/s8/2/o/n/b/2/onb2z.aaa.mp4
"Estado eléctrico",2025,https://archive.org/download/31-r-0b-0-p-3rf-3c-70-2-pn-73r-4-2025.1080/3574d0_313ctr1c0_2025.1080..mp4
"Extraterritorial",2025,https://1a-1791.com/video/fww1/f5/s8/2/x/T/G/H/xTGHy.aaa.mp4
"Fight or Flight (Sicarios en el aire)",2025,https://archive.org/download/p-3cd-0r-35-2025.1080/51c%40r105_d31_41r3_2025.1080.mp4
"Garfield: Fuera de casa",2024,https://archive.org/download/el-prisionero-jaclie-chan-y-sammo-hung-cine-de-artes-marciales-en-hd-hd/GARFIELD%20FUERA%20DE%20CASA_HD.mp4
"Gigantes de Acero",2011,https://hugh.cdn.rumble.cloud/video/fwe2/38/s8/2/Q/6/r/s/Q6rsA.aaa.mp4
"Guardianes de la galaxia",2014,https://hugh.cdn.rumble.cloud/video/s8/2/7/I/7/0/7I70l.aaa.mp4
"Hellboy II: El Ejército Dorado",2008,https://hugh.cdn.rumble.cloud/video/fwe2/0a/s8/2/w/x/S/r/wxSrz.aaa.mp4
"Herbie: A toda marcha",2005,https://1a-1791.com/video/s8/2/N/p/u/e/Npues.aaa.mp4
"Interestelar",2014,https://hugh.cdn.rumble.cloud/video/fww1/43/s8/2/E/3/A/m/E3AmA.aaa.mp4
"iRehén",2025,https://1a-1791.com/video/fww1/78/s8/2/l/D/4/H/lD4Hy.aaa.mp4
"Estación Espacial Internacional",2024,https://archive.org/download/1-5-5_202406/1_5_5.mp4
"King Kong",2005,https://1a-1791.com/video/fww1/62/s8/2/U/d/-/j/Ud-jz.aaa.mp4
"La caída del halcón negro",2001,https://1a-1791.com/video/fwe2/6a/s8/2/m/t/Y/E/mtYEA.aaa.mp4
"La cruda verdad",2009,https://1a-1791.com/video/fwe2/31/s8/2/U/r/T/R/UrTRz.aaa.mp4
"La fuente de la juventud",2025,https://1a-1791.com/video/fwe2/41/s8/2/s/X/i/c/sXicA.aaa.mp4
"La habitación del pánico",2002,https://hugh.cdn.rumble.cloud/video/fwe2/f8/s8/2/-/t/1/q/-t1qA.aaa.mp4
"La liberación",2024,https://hugh.cdn.rumble.cloud/video/s8/2/n/n/G/v/nnGvt.aaa.mp4?u=0&amp;b=0
"La mujer de las sombras",2025,https://1a-1791.com/video/fww1/7d/s8/2/K/I/z/c/KIzcA.aaa.mp4
"La última profecía",2014,https://archive.org/download/l-4-ul-7-m-4-p-r-0f-3-4/L4%20ul7%21M4%20pR0f3%24%214.mp4
"Liga de la Justicia: Crisis en Tierras Infinitas - Parte 2",2024,https://archive.org/download/l-1g-4-ju-5-2/L1g4_Ju5-2.mp4
"Memorias de un caracol",2024,https://1a-1791.com/video/fww1/18/s8/2/J/t/R/D/JtRDy.aaa.mp4
"Mi lista de deseos",2025,https://hugh.cdn.rumble.cloud/video/fww1/e0/s8/2/X/t/z/F/XtzFy.aaa.mp4
"Nos vemos la próxima Navidad",2024,https://1a-1791.com/video/s8/2/S/H/Z/w/SHZwu.aaa.mp4
"Nosotros",2019,https://archive.org/download/n_050tr05/n_050tr05.mp4
"Océanos de fuego",2004,https://hugh.cdn.rumble.cloud/video/s8/2/8/B/1/x/8B1xs.aaa.mp4
"Oni-Goroshi: Ciudad de los demonios",2025,https://1a-1791.com/video/fwe1/32/s8/2/s/k/c/s/skcsy.aaa.mp4
"Otro pequeño favor",2025,https://1a-1791.com/video/fwe2/a1/s8/2/A/6/f/c/A6fcA.aaa.mp4
"Pantera Negra",2018,https://hugh.cdn.rumble.cloud/video/fwe2/72/s8/2/G/2/f/2/G2f2z.aaa.mp4
"Paul",2011,https://hugh.cdn.rumble.cloud/video/fwe2/d7/s8/2/c/x/r/n/cxrnz.aaa.mp4
"Pequeñas grandes amigas",2003,https://1a-1791.com/video/fwe2/96/s8/2/i/K/g/O/iKgOz.aaa.mp4
"Piratas del Caribe 5: La Venganza de Salazar",2017,https://archive.org/download/pc-la-v-3ng-4nza-do-zalaar-2017-720p-lat-1-2-gb/PC%20La%20v3ng4nza%20do%20Zala%24ar%20%282017%29%20720p%20LAT%201%2C2%20GB.mp4
"Ramona y su hermana",2010,https://1a-1791.com/video/fww1/6c/s8/2/w/M/4/R/wM4Rz.aaa.mp4
"Rescate implacable",2025,https://1a-1791.com/video/fwe2/1c/s8/2/0/Z/a/c/0ZacA.aaa.mp4
"Resident Evil: Apocalipsis",2004,https://1a-1791.com/video/fwe2/9d/s8/2/A/0/L/K/A0LKz.aaa.mp4
"Resident Evil: El Huésped Maldito",2002,https://hugh.cdn.rumble.cloud/video/s8/2/H/3/N/l/H3Nlt.aaa.mp4
"Reto de Valientes",2011,https://1a-1791.com/video/s8/2/B/r/3/y/Br3yn.aaa.mp4
"Robin Hood",2010,https://1a-1791.com/video/fwe2/49/s8/2/M/k/I/X/MkIXz.aaa.mp4
"Se levanta el viento",2013,https://hugh.cdn.rumble.cloud/video/fwe2/89/s8/2/0/b/J/8/0bJ8z.aaa.mp4
"El hombre araña 2",2004,https://1a-1791.com/video/fwe2/a4/s8/2/m/n/m/E/mnmEA.aaa.mp4
"Spider-Man: De regreso a casa",2017,https://1a-1791.com/video/fwe2/18/s8/2/y/8/e/F/y8eFA.aaa.mp4
"Spider-Man: Sin camino a casa",2021,https://1a-1791.com/video/fww1/66/s8/2/E/S/h/F/EShFA.aaa.mp4
"Spider-Man: A través del Spider-Verso",2023,https://1a-1791.com/video/fww1/72/s8/2/M/O/d/F/MOdFA.aaa.mp4
"Star Trek: En la oscuridad",2013,https://1a-1791.com/video/fwe2/eb/s8/2/e/y/R/Z/eyRZz.aaa.mp4
"Super 8",2011,https://1a-1791.com/video/fww1/d7/s8/2/0/1/z/i/01ziA.aaa.mp4
"Superman",1978,https://1a-1791.com/video/fww1/7b/s8/2/a/c/F/0/acF0z.aaa.mp4
"The Alto Knights: Mafia y poder",2025,https://archive.org/download/th-3-170-kn-1gh-75-2025.1080_202507/Th3_%40170_Kn1gh75_2025.1080.mp4
"The Marvels",2023,https://archive.org/download/mcu_f453_5/03%20The%20Marvels.mp4
"The Witcher: Sirenas de las profundidades",2025,https://1a-1791.com/video/fwe2/8f/s8/2/K/q/l/M/KqlMx.aaa.mp4
"Thor: Amor y Trueno",2022,https://1a-1791.com/video/s8/2/e/j/7/2/ej72u.aaa.mp4
"Tiburón",1975,https://1a-1791.com/video/fwe2/72/s8/2/8/f/E/l/8fElA.aaa.mp4
"Tiempos De Gloria",1989,https://hugh.cdn.rumble.cloud/video/fwe2/fb/s8/2/w/P/J/s/wPJsA.aaa.mp4
"Tornado!",1996,https://1a-1791.com/video/fww1/25/s8/2/E/D/r/g/EDrgA.aaa.mp4
"Tully",2018,https://1a-1791.com/video/fww1/c8/s8/2/i/t/0/F/it0Fz.aaa.mp4
"Until Down: Noche de Terror",2025,https://1a-1791.com/video/fww1/c9/s8/2/u/h/z/a/uhzaA.aaa.mp4
"Wolverine: Inmortal",2013,https://1a-1791.com/video/fww1/af/s8/2/E/z/r/x/Ezrxy.aaa.mp4
"365 días: Aquel Día",2022,https://1a-1791.com/video/s8/2/k/0/c/S/k0cSn.aaa.mp4
"Acto encubierto",2025,https://1a-1791.com/video/fww1/d5/s8/2/I/8/2/b/I82bA.aaa.mp4
"Alien: Covenant",2017,https://1a-1791.com/video/s8/2/R/f/Q/_/RfQ_n.aaa.mp4
"Charlie y La Fábrica de Chocolate",2005,https://1a-1791.com/video/fww1/aa/s8/2/w/Z/J/k/wZJkA.aaa.mp4
"Culpa Mía: Londres",2025,https://1a-1791.com/video/fwe2/72/s8/2/m/j/B/f/mjBfA.aaa.mp4
"Depredador: Cazador de asesinos",2025,https://archive.org/download/d-3pr-3dd-0r-5351n-0-d-3-45351n-05-2025.1080/D3pr3d%40d0r_%405351n0_d3_45351n05_2025.1080.mp4
"Destino final lazos de sangre",2025,https://archive.org/download/d-3571n-0-f-1nl-lz-05-d-3-sngr-3.2025.1080/D3571n0_F1n%40l_L%40z05_d3_S%40ngr3.2025.1080.mp4
"Día de entrenamiento",2001,https://1a-1791.com/video/fww1/63/s8/2/O/W/k/g/OWkgA.aaa.mp4
"Echo Valley",2025,https://archive.org/download/3ch-0-v-773y.-2025.1080/3ch0_V%40773y.2025.1080.mp4
"El amateur: Operación venganza",2025,https://1a-1791.com/video/fwe2/f3/s8/2/2/K/P/a/2KPaA.aaa.mp4
"El complot",1997,https://1a-1791.com/video/fwe2/61/s8/2/k/2/E/N/k2ENz.aaa.mp4
"El contador 2",2025,https://1a-1791.com/video/fww1/2f/s8/2/s/l/4/a/sl4aA.aaa.mp4
"El sexto día",2000,https://1a-1791.com/video/fww1/21/s8/2/N/Y/y/D/NYyDy.aaa.mp4
"Encerrado",2025,https://1a-1791.com/video/fww1/db/s8/2/-/g/t/-/-gt-z.aaa.mp4
"Exterminio 2",2007,https://hugh.cdn.rumble.cloud/video/fww1/52/s8/2/8/F/B/2/8FB2y.aaa.mp4
"Harta",2025,https://1a-1791.com/video/fww1/d1/s8/2/D/o/J/S/DoJSy.aaa.mp4
"Invencible: Un niño fuera de serie",2025,https://1a-1791.com/video/fwe2/d0/s8/2/K/s/z/6/Ksz6z.aaa.mp4
"El demonio 2",2003,https://1a-1791.com/video/fww1/0a/s8/2/m/L/F/I/mLFIz.aaa.mp4
"El demonio",2001,https://1a-1791.com/video/fwe2/c7/s8/2/E/w/a/I/EwaIz.aaa.mp4
"Jeepers Creepers: La Reencarnación del Demonio",2022,https://1a-1791.com/video/fwe2/81/s8/2/o/H/I/I/oHIIA.aaa.mp4
"La singular vida de Ibelin",2024,https://archive.org/download/d-0r-y-14-b-5q-3d-4-d-3l-s-01-d-0r-4d-0.2025.1080/L4_51ng%40l4r_V1d%40_d3_1b311n.2024.1080.mp4
"La Torre Oscura",2017,https://hugh.cdn.rumble.cloud/video/s8/2/9/q/y/7/9qy7o.aaa.mp4
"Las guerreras k-pop",2025,https://1a-1791.com/video/fww1/9e/s8/2/s/Z/H/-/sZH-z.aaa.mp4
"Loco por ella",2025,https://1a-1791.com/video/fww1/e0/s8/2/t/-/U/V/t-UVy.aaa.mp4
"LOOK BACK: Continúa Dibujando",2024,https://1a-1791.com/video/fwe2/5b/s8/2/G/z/w/q/Gzwqx.aaa.mp4
"Madame Web",2024,https://archive.org/download/m-4dm-w-3b/M4dm_w3b.mp4
"Más Barato Por Docena 2",2005,https://1a-1791.com/video/fww1/5a/s8/2/2/W/J/P/2WJPz.aaa.mp4
"Masameer Junior",2025,https://1a-1791.com/video/fww1/7a/s8/2/G/H/m/b/GHmbA.aaa.mp4
"Mujer valiente",2023,https://hugh.cdn.rumble.cloud/video/fww1/d9/s8/2/o/d/I/4/odI4y.aaa.mp4
"Nace Una Estrella",2018,https://archive.org/download/v-4-3l-1n-4-720p-1-68-gb/Star%20Nace%282018%29%20720p%20LAT%201.15%20GB.mp4
"Pecadores",2025,https://archive.org/download/p-3cd-0r-35-2025.1080/P3c%40d0r35_2025.1080.mp4
"Pinocho de Guillermo del Toro",2022,https://hugh.cdn.rumble.cloud/video/s8/2/m/w/8/g/mw8go.aaa.mp4
"Pobres Criaturas",2023,https://archive.org/download/h-1tch-esp-3c-14l-1st-4-s-3d-0cc-10n-2005-1080p-3-29-gb/P0br35%20Cr14t0r4%24%20720p%20DUAL%201.18%20GB.mp4
"¿Qué Pasó Ayer? Parte II",2011,https://archive.org/download/gl-4d-3at-0r-ii-1080p-dual-3.67-gb_202506/Que%20paso%20ayer%202%202011%20720p%201%2C47%20GB.mp4
"¿Qué Pasó Ayer? Parte III",2013,https://archive.org/download/gl-4d-3at-0r-ii-1080p-dual-3.67-gb_202506/QPAY3R%203%20720p%201%2C43%20GB.mp4
"Rambo II - La misión",1985,https://1a-1791.com/video/fww1/7d/s8/2/K/w/4/Z/Kw4Zz.aaa.mp4
"Rápidos y furiosos",2009,https://1a-1791.com/video/fwe2/5d/s8/2/-/P/i/T/-PiTz.aaa.mp4
"Rápidos y furiosos 9",2021,https://1a-1791.com/video/fww1/36/s8/2/U/5/L/f/U5Lfz.aaa.mp4
"Ratatouille",2007,https://archive.org/download/r4_t4-t0/r4_t4-t0.mp4
"El hombre araña 3",2007,https://1a-1791.com/video/fwe2/a7/s8/2/q/K/A/E/qKAEA.aaa.mp4
"El contador",2016,https://hugh.cdn.rumble.cloud/video/fww1/b9/s8/2/Z/Z/c/W/ZZcWy.aaa.mp4
"Superman II",1980,https://1a-1791.com/video/fwe2/08/s8/2/I/a/U/1/IaU1z.aaa.mp4
"Terror Bajo la Tierra",1990,https://hugh.cdn.rumble.cloud/video/fww1/a1/s8/2/8/f/0/y/8f0yA.aaa.mp4
"Tierras Perdidas",2025,https://1a-1791.com/video/fww1/05/s8/2/c/Z/d/8/cZd8z.aaa.mp4
"Tinker Bell y el Secreto de las Hadas",2012,https://hugh.cdn.rumble.cloud/video/s8/2/4/j/8/v/4j8vp.aaa.mp4
"Titanic",1997,https://hugh.cdn.rumble.cloud/video/fww1/00/s8/2/m/M/C/f/mMCfA.aaa.mp4
"Un viernes de locos",2003,https://1a-1791.com/video/s8/2/1/r/8/C/1r8Ct.aaa.mp4
"Zona De Impacto",1993,https://hugh.cdn.rumble.cloud/video/fww1/33/s8/2/i/V/f/s/iVfsA.aaa.mp4
"Zoolander",2001,https://1a-1791.com/video/fwe2/2e/s8/2/0/U/r/I/0UrIz.aaa.mp4
"Cincuenta Sombras Liberadas",2018,https://hugh.cdn.rumble.cloud/video/fww1/86/s8/2/M/X/e/o/MXeoA.aaa.mp4
"60 Segundos",2000,https://1a-1791.com/video/fww1/66/s8/2/k/z/T/G/kzTGz.aaa.mp4
"Al interior",2007,https://1a-1791.com/video/s8/2/G/o/C/9/GoC9j.aaa.mp4
"Bad Boys para Siempre",2020,https://1a-1791.com/video/fww1/90/s8/2/K/M/8/A/KM8AA.aaa.mp4
"Búsqueda frenética",1988,https://1a-1791.com/video/fwe2/c7/s8/2/e/h/5/S/eh5Sz.aaa.mp4
"Camino hacia el terror",2003,https://hugh.cdn.rumble.cloud/video/s8/2/3/2/N/D/32NDs.aaa.mp4
"Cómo entrenar a tu dragón",2025,https://1a-1791.com/video/fwe2/77/s8/2/8/Q/G/_/8QG_z.aaa.mp4
"Diario de un Rebelde",1995,https://hugh.cdn.rumble.cloud/video/s8/2/A/K/-/S/AK-Sk.aaa.mp4
"El protegido",2000,https://1a-1791.com/video/fwe2/c0/s8/2/G/I/X/I/GIXIz.aaa.mp4
"Exterminio: La evolución",2025,https://1a-1791.com/video/fww1/89/s8/2/y/j/W/_/yjW_z.aaa.mp4
"Forrest Gump",1994,https://hugh.cdn.rumble.cloud/video/fwe2/a8/s8/2/i/O/4/X/iO4Xz.aaa.mp4
"Fractura",2019,https://hugh.cdn.rumble.cloud/video/s8/2/T/L/N/q/TLNqt.aaa.mp4
"Freddy contra Jason",2003,https://1a-1791.com/video/fwe2/08/s8/2/c/u/f/3/cuf3z.aaa.mp4
"Glass",2019,https://1a-1791.com/video/fww1/55/s8/2/y/Y/v/j/yYvjA.aaa.mp4
"Happy Gilmore 2",2025,https://1a-1791.com/video/fwe2/01/s8/2/c/h/Y/_/chY_z.aaa.mp4
"Iron Man 3",2013,https://hugh.cdn.rumble.cloud/video/fwe2/cd/s8/2/K/r/A/o/KrAoA.aaa.mp4
"Jefes de Estado",2025,https://1a-1791.com/video/fww1/24/s8/2/C/K/G/b/CKGbA.aaa.mp4
"La calle del terror: La reina del baile",2025,https://1a-1791.com/video/fww1/b9/s8/2/4/5/0/b/450bA.aaa.mp4
"La era de hielo",2002,https://hugh.cdn.rumble.cloud/video/fww1/bd/s8/2/k/9/z/h/k9zhz.aaa.mp4
"La Huida",1994,https://hugh.cdn.rumble.cloud/video/fww1/22/s8/2/C/_/f/o/C_foA.aaa.mp4
"La muerte de un unicornio",2025,https://1a-1791.com/video/fwe2/14/s8/2/e/T/t/a/eTtaA.aaa.mp4
"La Vida Secreta De Tus Mascotas 2",2019,https://1a-1791.com/video/fww1/09/s8/2/i/a/O/c/iaOcz.aaa.mp4
"La vieja guardia 2",2025,https://1a-1791.com/video/fwe2/49/s8/2/E/v/P/a/EvPaA.aaa.mp4
"Las Olas",2019,https://1a-1791.com/video/s8/2/0/G/P/7/0GP7n.aaa.mp4
"Life",2015,https://hugh.cdn.rumble.cloud/video/fwe2/0f/s8/2/U/p/b/s/UpbsA.aaa.mp4
"Lilo y Stitch",2025,https://1a-1791.com/video/fwe2/a8/s8/2/0/a/j/_/0aj_z.aaa.mp4
"M3GAN 2.0",2025,https://1a-1791.com/video/fwe2/bd/s8/2/q/4/g/_/q4g_z.aaa.mp4
"Mayhem",2017,https://1a-1791.com/video/fwe2/8e/s8/2/y/r/w/T/yrwTz.aaa.mp4
"Mi pobre angelito",1990,https://hugh.cdn.rumble.cloud/video/fwe2/3b/s8/2/o/D/d/G/oDdGz.aaa.mp4
"Mis 84 m²",2025,https://1a-1791.com/video/fww1/48/s8/2/g/9/w/3/g9w3y.aaa.mp4
"Rendirse jamás",2008,https://hugh.cdn.rumble.cloud/video/fww1/15/s8/2/O/d/p/W/OdpWz.aaa.mp4
"Revancha",2015,https://hugh.cdn.rumble.cloud/video/fww1/84/s8/2/X/Y/r/z/XYrzy.aaa.mp4
"Scary Movie 2: Otra película de miedo",2001,https://hugh.cdn.rumble.cloud/video/fwe2/ee/s8/2/g/G/C/w/gGCwA.aaa.mp4
"Una película de miedo",2000,https://hugh.cdn.rumble.cloud/video/fww1/34/s8/2/0/e/k/w/0ekwA.aaa.mp4
"Scary Movie 4: Descuartizados de miedo",2006,https://hugh.cdn.rumble.cloud/video/fww1/71/s8/2/I/M/V/6/IMV6z.aaa.mp4
"Telma: La Unicornio",2024,https://hugh.cdn.rumble.cloud/video/fwe2/08/s8/2/f/S/z/b/fSzby.aaa.mp4
"Un gato callejero llamado Bob",2016,https://hugh.cdn.rumble.cloud/video/s8/2/0/l/S/V/0lSVk.aaa.mp4
"Viejos",2021,https://1a-1791.com/video/s8/2/L/O/I/T/LOITn.aaa.mp4
"¡Viva la vida!",2025,https://hugh.cdn.rumble.cloud/video/fww1/81/s8/2/X/n/a/T/XnaTy.aaa.mp4
"Amores materialistas",2025,https://1a-1791.com/video/fwe2/ed/s8/2/0/U/N/-/0UN-z.aaa.mp4
"Babygirl: Deseo Prohibido",2024,https://pixeldrain.com/api/file/YkH5vyQg
"Bajo el muelle",2023,https://hugh.cdn.rumble.cloud/video/fwe2/b1/s8/2/Y/S/M/l/YSMlx.aaa.mp4
"Cómo entrenar a tu dragón 2",2014,https://1a-1791.com/video/fww1/71/s8/2/O/i/f/a/OifaA.aaa.mp4
"Delicia",2025,https://1a-1791.com/video/fwe1/94/s8/2/2/0/c/s/20csy.aaa.mp4
"El Aprendiz",2024,https://1a-1791.com/video/fwe2/84/s8/2/e/r/1/q/er1qy.aaa.mp4
"El Conde de Montecristo",2024,https://1a-1791.com/video/fwe2/87/s8/2/e/5/n/j/e5njA.aaa.mp4
"Hulk: El hombre increíble",2008,https://1a-1791.com/video/s8/2/3/5/N/l/35Nll.aaa.mp4
"El Maravilloso Mago de Oz: Parte 1",2025,https://1a-1791.com/video/fww1/e4/s8/2/q/q/L/a/qqLaA.aaa.mp4
"El último encargo",2025,https://1a-1791.com/video/fwe2/7d/s8/2/M/X/2/-/MX2-z.aaa.mp4
"Empezar de nuevo",2025,https://1a-1791.com/video/fww1/1f/s8/2/1/Z/w/T/1ZwTy.aaa.mp4
"Empezar otra vez",2014,https://1a-1791.com/video/fwe2/65/s8/2/g/E/u/o/gEuoz.aaa.mp4
"F1 la película",2025,https://1a-1791.com/video/fwe2/e8/s8/2/u/q/y/-/uqy-z.aaa.mp4
"Juegos de Seducción",2025,https://1a-1791.com/video/fwe2/2e/s8/2/e/C/p/_/eCp_z.aaa.mp4
"Jurassic World: Renace",2025,https://1a-1791.com/video/fww1/ad/s8/2/A/3/7/8/A378y.aaa.mp4
"La Leyenda de Ochi",2025,https://1a-1791.com/video/fwe2/f4/s8/2/o/f/4/-/of4-z.aaa.mp4
"La noche siempre llega",2025,https://1a-1791.com/video/fwe2/70/s8/2/Q/H/Z/l/QHZlz.aaa.mp4
"La otra boda",2025,https://1a-1791.com/video/fwe2/ce/s8/2/Y/6/U/f/Y6UfA.aaa.mp4
"La rosa de Versalles",2025,https://1a-1791.com/video/fww1/27/s8/2/t/E/4/H/tE4Hy.aaa.mp4
"Larga distancia",2024,https://hugh.cdn.rumble.cloud/video/fww1/d3/s8/2/W/b/r/X/WbrXz.aaa.mp4
"Los dos hemisferios de Lucca",2025,https://hugh.cdn.rumble.cloud/video/fwe2/ec/s8/2/v/T/3/n/vT3nx.aaa.mp4
"Megalodón 2: El gran abismo",2023,https://1a-1791.com/video/s8/2/6/F/E/n/6FEnm.aaa.mp4?u=0&amp;b=0
"Mi año en Oxford",2025,https://1a-1791.com/video/fwe2/8f/s8/2/6/M/7/-/6M7-z.aaa.mp4
"Mikaela",2025,https://1a-1791.com/video/fww1/0b/s8/2/b/y/w/R/bywRy.aaa.mp4
"Nuestros tiempos",2025,https://1a-1791.com/video/fww1/a1/s8/2/_/R/w/T/_RwTy.aaa.mp4
"Pitufos",2025,https://1a-1791.com/video/fww1/f6/s8/2/m/q/b/a/mqbaz.aaa.mp4
"Ruega Por Nosotros",2021,https://1a-1791.com/video/s8/2/D/O/2/_/DO2_r.aaa.mp4
"Screamboat La Masacre Del Ratón",2025,https://1a-1791.com/video/fww1/c1/s8/2/W/G/K/9/WGK9y.aaa.mp4
"Sé lo que hicieron el verano pasado",2025,https://1a-1791.com/video/fww1/8b/s8/2/K/c/M/-/KcM-z.aaa.mp4
"Toy Story",1995,https://hugh.cdn.rumble.cloud/video/fwe2/be/s8/2/e/X/F/z/eXFzA.aaa.mp4
"Toy Story 3",2010,https://hugh.cdn.rumble.cloud/video/fwe2/c8/s8/2/4/r/X/z/4rXzA.aaa.mp4
"Animales Fantásticos: Y Dónde Encontrarlos",2016,https://hugh.cdn.rumble.cloud/video/s8/2/3/P/c/O/3PcOn.aaa.mp4
"Boda Sangrienta",2019,https://hugh.cdn.rumble.cloud/video/fww1/53/s8/2/K/O/p/L/KOpLz.aaa.mp4
"CJ7: Juguete Del Espacio",2008,https://1a-1791.com/video/s8/2/U/j/s/O/UjsOk.aaa.mp4
"Contra lo imposible",2019,https://files.eintim.me/content/cdn/RpefDvUWlYAM.mp4
"Culpa tuya",2024,https://1a-1791.com/video/fww1/0c/s8/2/a/_/I/f/a_IfA.aaa.mp4
"Del cielo al infierno",2025,https://1a-1791.com/video/fww1/8f/s8/2/8/6/G/f/86Gfz.aaa.mp4
"Harry Potter y el cáliz de fuego",2005,https://pixeldrain.com/api/file/BNoNGFiF
"La Sociedad de los Poetas Muertos",1989,https://hugh.cdn.rumble.cloud/video/s8/2/H/s/D/C/HsDCs.aaa.mp4
"Las Brujas",2020,https://1a-1791.com/video/fwe2/7f/s8/2/q/2/t/I/q2tIz.aaa.mp4
"Llámame por tu nombre",2017,https://hugh.cdn.rumble.cloud/video/fww1/29/s8/2/y/y/c/T/yycTz.aaa.mp4
"Los 4 Fantásticos: Primeros pasos",2025,https://1a-1791.com/video/fww1/9f/s8/2/0/-/s/-/0-s-z.aaa.mp4
"Querido Santa",2024,https://hugh.cdn.rumble.cloud/video/s8/2/E/Z/G/9/EZG9u.aaa.mp4
"Riesgo bajo cero: Venganza",2025,https://1a-1791.com/video/fwe2/5e/s8/2/2/R/5/Y/2R5Yz.aaa.mp4
"¿Y dónde está el policía?",2025,https://1a-1791.com/video/fwe2/91/s8/2/a/y/6/C/ay6Cz.aaa.mp4
"A través del fuego",2025,https://1a-1791.com/video/fwe2/44/s8/2/E/n/U/7/EnU7z.aaa.mp4
"Ad Astra: Hacia las estrellas",2019,https://files.eintim.me/content/cdn/vfCHLmBiRPqe.mp4
"Asesino: Misión Venganza",2017,https://1a-1791.com/video/fwe2/3b/s8/2/0/J/0/E/0J0Ez.aaa.mp4
"Baki Hanma vs. Kengan Ashura",2024,https://1a-1791.com/video/s8/2/I/W/U/b/IWUbs.aaa.mp4
"Beetlejuice, el Superfantasma",1988,https://1a-1791.com/video/s8/2/1/0/w/B/10wBt.aaa.mp4
"Bright",2017,https://1a-1791.com/video/fww1/7d/s8/2/c/4/f/F/c4fFz.aaa.mp4
"Camina o muere",2025,https://1a-1791.com/video/fww1/f8/s8/2/a/i/F/5/aiF5z.aaa.mp4
"Dragon Ball: El camino hacia el poder",1996,https://pixeldrain.com/api/file/596tsVC2
"Eden",2025,https://1a-1791.com/video/fwe2/cc/s8/2/G/_/d/g/G_dgA.aaa.mp4
"El Conjuro 4: Últimos ritos",2025,https://ia600409.us.archive.org/29/items/31-c-0njr-0-4-2025-fc/31_C0nj%40r0_4_2025_FC.mp4
"El elixir de la inmortalidad",2025,https://hugh.cdn.rumble.cloud/video/fww1/26/s8/2/C/K/b/t/CKbtz.aaa.mp4
"El Escuadrón Suicida",2021,https://1a-1791.com/video/fww1/f9/s8/2/y/J/K/a/yJKaz.aaa.mp4
"El niño con el pijama de rayas",2008,https://pixeldrain.com/api/file/mHmFPwXF
"Elementos",2023,https://hugh.cdn.rumble.cloud/video/fww1/4a/s8/2/i/h/e/t/ihetA.aaa.mp4
"Enola Holmes",2020,https://files.eintim.me/content/cdn/LstfvQhZISuI.mp4
"Enredados",2010,https://pixeldrain.com/api/file/RbhFv93R
"Gato con Botas: El último deseo",2022,https://1a-1791.com/video/s8/2/O/I/K/6/OIK6j.aaa.mp4
"Godzilla vs Kong",2021,https://1a-1791.com/video/fwe2/fb/s8/2/2/q/H/k/2qHkA.aaa.mp4
"HIM: El elegido",2025,https://1a-1791.com/video/fww1/8e/s8/2/G/4/w/z/G4wzz.aaa.mp4
"Implacable",2024,https://1a-1791.com/video/fww1/02/s8/2/d/W/S/D/dWSDy.aaa.mp4
"Inmaculada",2024,https://1a-1791.com/video/fwe2/34/s8/2/e/C/2/g/eC2gA.aaa.mp4
"La maldición renace",2019,https://1a-1791.com/video/fwe2/f3/s8/2/m/Y/Y/4/mYY4z.aaa.mp4
"La sirenita",2023,https://1a-1791.com/video/s8/2/A/B/7/f/AB7fl.aaa.mp4
"Los Cretinos",2025,https://hugh.cdn.rumble.cloud/video/fwe2/59/s8/2/y/f/H/r/yfHrz.aaa.mp4
"Los Roses",2025,https://1a-1791.com/video/fwe2/05/s8/2/O/B/B/7/OBB7z.aaa.mp4
"Maldita suerte",2025,https://1a-1791.com/video/fwe2/87/s8/2/K/K/a/7/KKa7z.aaa.mp4
"Matrix recargado",2003,https://1a-1791.com/video/s8/2/A/I/B/9/AIB9m.aaa.mp4
"Matrix resurrecciones",2021,https://1a-1791.com/video/s8/2/g/U/l/_/gUl_m.aaa.mp4
"Midsommar: el terror no espera la noche",2019,https://1a-1791.com/video/fww1/79/s8/2/c/K/I/_/cKI_z.aaa.mp4
"Miss Simpatía",2000,https://hugh.cdn.rumble.cloud/video/fww1/cf/s8/2/E/8/y/o/E8yoA.aaa.mp4
"Misterio a la vista",2023,https://1a-1791.com/video/fww1/31/s8/2/4/1/x/c/41xcz.aaa.mp4
"No se Aceptan Devoluciones",2013,https://pixeldrain.com/api/file/3LWZ6cEz
"Pantera Negra: Wakanda por siempre",2022,https://hugh.cdn.rumble.cloud/video/fww1/51/s8/2/e/u/F/3/euF3z.aaa.mp4
"Son Como Niños",2010,https://pixeldrain.com/api/file/wkvhXACw
"Sonido de Libertad",2023,https://hugh.cdn.rumble.cloud/video/s8/2/E/m/A/6/EmA6n.aaa.mp4
"Space Jam: Una nueva era",2021,https://1a-1791.com/video/fwe2/e2/s8/2/4/M/u/v/4Muvz.aaa.mp4
"Star Wars: El ascenso de Skywalker",2019,https://hugh.cdn.rumble.cloud/video/fww1/5c/s8/2/4/p/d/u/4pduA.aaa.mp4
"Steve",2025,https://1a-1791.com/video/fwe2/37/s8/2/Y/G/I/n/YGInz.aaa.mp4
"Todo en Todas Partes al Mismo Tiempo",2022,https://1a-1791.com/video/s8/2/4/N/M/I/4NMIp.aaa.mp4
"Transformers: El despertar de las bestias",2023,https://1a-1791.com/video/fwe2/b3/s8/2/k/n/j/D/knjDA.aaa.mp4
"Un don excepcional",2017,https://1a-1791.com/video/s8/2/6/M/d/m/6Mdmm.aaa.mp4
"Un lugar en silencio: Parte II",2021,https://1a-1791.com/video/fwe2/17/s8/2/g/l/G/w/glGwz.aaa.mp4
"Vidas de papel",2021,https://1a-1791.com/video/fww1/c3/s8/2/s/G/K/3/sGK3y.aaa.mp4
"Abraham Lincoln: Cazador De Vampiros",2012,https://hugh.cdn.rumble.cloud/video/fww1/15/s8/2/o/r/C/x/orCxz.aaa.mp4
"Actividad Paranormal 2",2010,https://hugh.cdn.rumble.cloud/video/fwe2/ee/s8/2/A/5/h/B/A5hBz.aaa.mp4
"Actividad Paranormal",2007,https://hugh.cdn.rumble.cloud/video/fww1/5e/s8/2/i/4/h/B/i4hBz.aaa.mp4
"Actividad Paranormal 3",2011,https://1a-1791.com/video/fwe2/0a/s8/2/Q/5/h/B/Q5hBz.aaa.mp4
"Actividad Paranormal 4",2012,https://1a-1791.com/video/fww1/11/s8/2/8/u/i/B/8uiBz.aaa.mp4
"Actividad Paranormal: Los marcados",2014,https://hugh.cdn.rumble.cloud/video/fww1/92/s8/2/Y/_/p/B/Y_pBz.aaa.mp4
"Actividad Paranormal: La dimensión fantasma",2015,https://1a-1791.com/video/fww1/b3/s8/2/6/-/p/B/6-pBz.aaa.mp4
"Actividad Paranormal: Vínculos Familiares",2021,https://1a-1791.com/video/fww1/74/s8/2/0/_/p/B/0_pBz.aaa.mp4
"Al diablo con el diablo",2000,https://hugh.cdn.rumble.cloud/video/fwe2/d7/s8/2/c/B/6/C/cB6Cz.aaa.mp4
"Almas Marcadas",2025,https://1a-1791.com/video/fww1/8a/s8/2/Q/b/d/1/Qbd1y.aaa.mp4
"Asiento Mortal",2025,https://hugh.cdn.rumble.cloud/video/fww1/66/s8/2/K/g/s/D/KgsDz.aaa.mp4
"Bailarina",2023,https://hugh.cdn.rumble.cloud/video/s8/2/4/n/T/q/4nTqn.aaa.mp4
"Beautiful Boy: Siempre serás mi hijo",2018,https://files.eintim.me/content/cdn/nJsVAvVZjZwS.mp4
"Camp Rock: Campamento del Rock",2008,https://hugh.cdn.rumble.cloud/video/fww1/ab/s8/2/6/w/J/c/6wJcz.aaa.mp4
"Chicken Little",2005,https://1a-1791.com/video/fww1/ee/s8/2/i/i/V/j/iiVjz.aaa.mp4
"Creed 2: Defendiendo el Legado",2018,https://1a-1791.com/video/fww1/4b/s8/2/B/l/T/J/BlTJy.aaa.mp4
"Cruce de Caminos",1986,https://hugh.cdn.rumble.cloud/video/fww1/3f/s8/2/5/b/o/U/5boUy.aaa.mp4
"Cuando el cielo se equivoca",2025,https://1a-1791.com/video/fww1/36/s8/2/s/n/Z/5/snZ5z.aaa.mp4
"Depredador: Tierras salvajes",2025,https://1a-1791.com/video/fwe2/43/s8/2/q/s/O/5/qsO5z.aaa.mp4
"El Camino: Una película de Breaking Bad",2019,https://hugh.cdn.rumble.cloud/video/fwe1/8e/s8/2/y/1/k/q/y1kqy.aaa.mp4
"El Halloween de Hubie",2020,https://1a-1791.com/video/fwe2/d5/s8/2/c/O/r/H/cOrHz.aaa.mp4
"El Muro",2017,https://hugh.cdn.rumble.cloud/video/fww1/9d/s8/2/U/J/x/3/UJx3y.aaa.mp4
"El señor de los anillos: La comunidad del anillo",2001,https://1a-1791.com/video/fwe2/9f/s8/2/U/6/2/n/U62nw.aaa.mp4
"El señor de los anillos: Las dos torres",2002,https://1a-1791.com/video/fwe2/49/s8/2/Z/A/a/q/ZAaqw.aaa.mp4
"Extrañas apariciones",2009,https://1a-1791.com/video/fwe2/a4/s8/2/E/d/R/r/EdRrz.aaa.mp4
"Frankenstein",2025,https://1a-1791.com/video/fww1/6c/s8/2/O/n/C/x/OnCxz.aaa.mp4
"Guerra de Papás 2",2017,https://1a-1791.com/video/fwe2/f0/s8/2/o/x/z/D/oxzDA.aaa.mp4
"Dos Tontos en Fuga",2008,https://1a-1791.com/video/fww1/ed/s8/2/Y/9/d/h/Y9dhz.aaa.mp4
"La Navidad de Harold y Kumar",2011,https://hugh.cdn.rumble.cloud/video/fww1/97/s8/2/q/j/h/h/qjhhz.aaa.mp4
"Harold y Kumar: Aventura nocturna",2004,https://hugh.cdn.rumble.cloud/video/fww1/a2/s8/2/-/7/d/h/-7dhz.aaa.mp4
"Infiltrada en el búnker",2025,https://hugh.cdn.rumble.cloud/video/fww1/0e/s8/2/H/6/L/X/H6LXy.aaa.mp4
"La idea de ti",2024,https://hugh.cdn.rumble.cloud/video/fww1/20/s8/2/W/l/N/k/WlNkA.aaa.mp4
"La Paradoja Cloverfield",2018,https://1a-1791.com/video/fwe2/85/s8/2/6/2/K/q/62Kqz.aaa.mp4
"Los increíbles 2",2018,https://1a-1791.com/video/fww1/5a/s8/2/A/q/f/B/AqfBA.aaa.mp4
"Los indestructibles",2010,https://hugh.cdn.rumble.cloud/video/fwe2/4f/s8/2/c/q/R/r/cqRrz.aaa.mp4
"Los indestructibles 3",2014,https://1a-1791.com/video/fwe2/37/s8/2/M/s/R/r/MsRrz.aaa.mp4
"Los juegos del hambre: En llamas",2013,https://hugh.cdn.rumble.cloud/video/fww1/50/s8/2/0/9/B/B/09BBz.aaa.mp4
"Los juegos del hambre: Sinsajo - Parte 1",2014,https://1a-1791.com/video/fwe2/4b/s8/2/C/5/B/B/C5BBz.aaa.mp4
"Los juegos del hambre: Sinsajo - Parte 2",2015,https://1a-1791.com/video/fww1/94/s8/2/A/8/B/B/A8BBz.aaa.mp4
"Los tipos malos: ¿Truco o atraco?",2024,https://1a-1791.com/video/fw/s8/2/m/1/U/W/m1UWt.aaa.mp4
"Misión Imposible 6: Repercusión",2018,https://1a-1791.com/video/fwe2/2b/s8/2/y/u/N/B/yuNBA.aaa.mp4
"Ninja: El guerrero silencioso",2009,https://1a-1791.com/video/fwe2/91/s8/2/c/f/a/p/cfapz.aaa.mp4
"No Game, No Life: Zero",2017,https://hugh.cdn.rumble.cloud/video/fwe2/dc/s8/2/G/s/L/O/GsLOA.aaa.mp4
"Plan familiar 2",2025,https://hugh.cdn.rumble.cloud/video/fww1/bf/s8/2/g/W/6/B/gW6Bz.aaa.mp4
"[REC]²",2009,https://1a-1791.com/video/fwe2/70/s8/2/8/O/N/q/8ONqz.aaa.mp4
"[REC] 3: El comienzo",2012,https://1a-1791.com/video/fwe2/1e/s8/2/y/n/P/q/ynPqz.aaa.mp4
"Respira",2024,https://1a-1791.com/video/fww1/01/s8/2/A/k/0/f/Ak0fA.aaa.mp4
"Scooby-Doo",2002,https://1a-1791.com/video/fwe2/28/s8/2/E/d/w/m/Edwmz.aaa.mp4
"Sentencia de muerte",1990,https://hugh.cdn.rumble.cloud/video/fww1/cf/s8/2/H/B/Q/G/HBQGy.aaa.mp4
"Sicario: El Día Del Soldado",2018,https://1a-1791.com/video/fww1/ab/s8/2/N/0/t/W/N0tWy.aaa.mp4
"Bunker",2025,https://hugh.cdn.rumble.cloud/video/fww1/e8/s8/2/u/V/U/y/uVUyz.aaa.mp4
"Star Wars: Episodio I - La amenaza fantasma",1999,https://hugh.cdn.rumble.cloud/video/fwe2/59/s8/2/U/u/A/t/UuAtA.aaa.mp4
"Star Wars: Episodio II: El Ataque de los Clones",2002,https://hugh.cdn.rumble.cloud/video/fwe2/0f/s8/2/Q/_/B/t/Q_BtA.aaa.mp4
"Star Wars: Episodio III - La Venganza de los Sith",2005,https://hugh.cdn.rumble.cloud/video/fwe2/43/s8/2/i/y/F/t/iyFtA.aaa.mp4
"La guerra de las galaxias",1977,https://hugh.cdn.rumble.cloud/video/fwe2/07/s8/2/U/A/F/t/UAFtA.aaa.mp4
"El Imperio contraataca",1980,https://hugh.cdn.rumble.cloud/video/fww1/e7/s8/2/U/N/W/t/UNWtA.aaa.mp4
"El regreso del Jedi",1983,https://hugh.cdn.rumble.cloud/video/fww1/84/s8/2/G/3/V/t/G3VtA.aaa.mp4
"Star Wars: El despertar de la fuerza",2015,https://hugh.cdn.rumble.cloud/video/fww1/da/s8/2/m/G/Y/t/mGYtA.aaa.mp4
"Star Wars: Rogue One",2016,https://hugh.cdn.rumble.cloud/video/fww1/50/s8/2/o/P/i/t/oPitA.aaa.mp4
"Teléfono negro 2",2025,https://hugh.cdn.rumble.cloud/video/fww1/ef/s8/2/g/F/6/C/gF6Cz.aaa.mp4
"Terror en la Antártida",2009,https://1a-1791.com/video/fww1/e0/s8/2/U/I/w/c/UIwcz.aaa.mp4
"Una batalla tras otra",2025,https://hugh.cdn.rumble.cloud/video/fww1/05/s8/2/o/-/w/z/o-wzz.aaa.mp4
"Watchmen, los vigilantes",2009,https://1a-1791.com/video/s8/2/6/7/i/K/67iKk.aaa.mp4
"¿Y dónde está el policía? 2 1/2: El aroma del miedo",1991,https://1a-1791.com/video/fww1/29/s8/2/1/9/x/Z/19xZy.aaa.mp4
"¿Y dónde está el policía? 33⅓: El insulto final",1994,https://hugh.cdn.rumble.cloud/video/fww1/56/s8/2/x/O/p/Z/xOpZy.aaa.mp4
"10 cosas que odio de ti",1999,https://1a-1791.com/video/s8/2/d/K/G/a/dKGav.aaa.mp4
"La noche de las narices frías",1961,https://1a-1791.com/video/s8/2/f/w/d/p/fwdps.aaa.mp4
"1992: Noche sin ley",2024,https://hugh.cdn.rumble.cloud/video/fww1/6e/s8/2/u/w/f/5/uwf5y.aaa.mp4
"31 Minutos: Calurosa Navidad",2025,https://hugh.cdn.rumble.cloud/video/fwe2/5b/s8/2/w/1/h/G/w1hGz.aaa.mp4
"A La Mierda Con Los Zombis",2015,https://1a-1791.com/video/fww1/98/s8/2/K/b/0/9/Kb09y.aaa.mp4
"A todos los chicos de los que me enamoré",2018,https://hugh.cdn.rumble.cloud/video/s8/2/7/i/T/l/7iTlt.aaa.mp4
"A Todos Los Chicos Para Siempre",2021,https://1a-1791.com/video/s8/2/3/d/K/t/3dKtv.aaa.mp4
"Adopting Terror",2012,https://1a-1791.com/video/s8/2/b/6/c/z/b6czo.aaa.MP4
"Agente Cody Banks 2: Destino Londres",2004,https://hugh.cdn.rumble.cloud/video/fww1/02/s8/2/4/Q/p/L/4QpLz.aaa.mp4
"Agente Cody Banks: Súper espía",2003,https://hugh.cdn.rumble.cloud/video/fwe2/74/s8/2/6/P/p/L/6PpLz.aaa.mp4
"Alguien como tú",2024,https://1a-1791.com/video/fwe1/c7/s8/2/z/u/F/V/zuFVw.aaa.mp4
"Alicia a través del espejo",2016,https://1a-1791.com/video/s8/2/D/a/W/_/DaW_s.aaa.mp4
"Amityville: El Despertar",2017,https://1a-1791.com/video/fwe2/d6/s8/2/2/P/I/K/2PIKz.aaa.mp4
"Aracnofobia",1990,https://1a-1791.com/video/s8/2/D/T/E/2/DTE2s.aaa.mp4
"Aviones",2013,https://1a-1791.com/video/s8/2/f/N/u/N/fNuNs.aaa.mp4
"Baby Blue",2025,https://hugh.cdn.rumble.cloud/video/fww1/15/s8/2/u/I/O/u/uIOuy.aaa.mp4
"Bad Boys II: vuelven más rebeldes",2003,https://1a-1791.com/video/fww1/8e/s8/2/s/O/Y/A/sOYAA.aaa.mp4
"Dos Policías Rebeldes",1995,https://1a-1791.com/video/fwe2/36/s8/2/S/5/T/A/S5TAA.aaa.mp4
"Barry Seal: Sólo en América",2017,https://1a-1791.com/video/fwe2/02/s8/2/Q/C/3/E/QC3Ez.aaa.mp4
"Batman: Luz De Gas",2018,https://1a-1791.com/video/fww1/95/s8/2/W/S/6/E/WS6Ez.aaa.mp4
"Ben 10: destrucción alienígena",2012,https://1a-1791.com/video/s8/2/j/3/5/_/j35_t.aaa.mp4
"Ben 10 / Generator Rex: Heroes United",2011,https://hugh.cdn.rumble.cloud/video/s8/2/5/Q/h/r/5Qhru.aaa.mp4
"Black Clover: La espada del rey mago",2023,https://1a-1791.com/video/s8/2/d/x/b/u/dxbuk.aaa.mp4
"Buenos vecinos 2",2016,https://1a-1791.com/video/s8/2/r/S/K/1/rSK1s.aaa.mp4
"Buenos vecinos",2014,https://1a-1791.com/video/s8/2/D/8/I/1/D8I1s.aaa.mp4
"Bugonia",2025,https://1a-1791.com/video/fww1/12/s8/2/O/3/a/7/O3a7z.aaa.mp4
"Centinela",2021,https://1a-1791.com/video/fww1/95/s8/2/L/i/s/W/LisWy.aaa.mp4
"Chainsaw Man – La película: Arco de Reze",2025,https://1a-1791.com/video/fwe2/a6/s8/2/C/O/2/5/CO25z.aaa.mp4
"Cuando nos conocimos",2018,https://1a-1791.com/video/fww1/9e/s8/2/m/6/N/K/m6NKz.aaa.mp4
"Depredador",1987,https://1a-1791.com/video/s8/2/G/c/C/K/GcCKl.aaa.mp4
"Dibu 3: La gran aventura",2002,https://hugh.cdn.rumble.cloud/video/fwe1/0d/s8/2/z/8/e/e/z8eey.aaa.mp4
"Dímelo bajito",2025,https://hugh.cdn.rumble.cloud/video/fwe2/cb/s8/2/4/i/U/H/4iUHz.aaa.mp4
"Donde crece la esperanza",2014,https://1a-1791.com/video/fwe2/44/s8/2/t/W/m/z/tWmzx.aaa.mp4
"Dos mundos, un deseo",2025,https://hugh.cdn.rumble.cloud/video/fwe2/2b/s8/2/g/n/Y/C/gnYCz.aaa.mp4
"Dr. Seuss: Los Sneetches",2025,https://hugh.cdn.rumble.cloud/video/fww1/2e/s8/2/q/i/G/w/qiGwz.aaa.mp4
"Dragon Ball Z: La Galaxia Corre Peligro",1993,https://hugh.cdn.rumble.cloud/video/s8/2/D/P/8/k/DP8kt.aaa.mp4
"Dragon Ball Z: La Resurrección de Freezer",2015,https://1a-1791.com/video/s8/2/u/h/G/0/uhG0s.aaa.mp4?u=0&amp;b=0
"Dunkerque",2017,https://1a-1791.com/video/fww1/07/s8/2/w/u/t/F/wutFz.aaa.mp4
"El aprendiz de vampiro",2009,https://1a-1791.com/video/s8/2/l/A/c/I/lAcIs.aaa.mp4
"El Cuervo",1994,https://hugh.cdn.rumble.cloud/video/fw/s8/2/J/h/z/N/JhzNt.aaa.mp4
"El Diario De La Princesa 2",2004,https://1a-1791.com/video/fwe1/59/s8/2/g/V/3/E/gV3Ew.aaa.mp4
"El expreso polar",2004,https://1a-1791.com/video/s8/2/k/D/Q/Z/kDQZn.aaa.mp4
"El imaginario",2023,https://1a-1791.com/video/s8/2/L/D/e/Z/LDeZs.aaa.mp4?u=0&amp;b=0
"El juego del miedo 2",2005,https://1a-1791.com/video/s8/2/9/t/N/Y/9tNYs.aaa.mp4?u=0&amp;b=0
"El juego del miedo",2004,https://1a-1791.com/video/s8/2/f/f/O/Y/ffOYs.aaa.mp4?u=0&amp;b=0
"El juego del miedo 3",2006,https://1a-1791.com/video/s8/2/T/H/n/Y/THnYs.aaa.mp4?u=0&amp;b=0
"El laberinto del fauno",2006,https://hugh.cdn.rumble.cloud/video/s8/2/O/C/X/r/OCXrk.aaa.mp4
"El otro París",2025,https://1a-1791.com/video/fww1/fc/s8/2/u/F/y/h/uFyhz.aaa.mp4
"El planeta del tesoro",2002,https://1a-1791.com/video/fwe2/3c/s8/2/s/h/u/G/shuGz.aaa.mp4
"El rey león",1994,https://1a-1791.com/video/fwe2/93/s8/2/c/i/H/M/ciHMw.aaa.mp4
"El vidente",2007,https://hugh.cdn.rumble.cloud/video/s8/2/S/n/_/B/Sn_Bn.aaa.mp4
"Espanglish",2004,https://1a-1791.com/video/s8/2/k/2/z/s/k2zsq.aaa.mp4
"Feliz día de tu muerte",2017,https://1a-1791.com/video/fwe2/db/s8/2/k/B/p/H/kBpHz.aaa.mp4
"Elmo and Mark Rober's Merry Giftmas",2025,https://1a-1791.com/video/fwe2/22/s8/2/m/5/e/H/m5eHz.aaa.mp4
"Ferry",2021,https://1a-1791.com/video/fwe2/30/s8/2/G/0/l/5/G0l5v.aaa.mp4
"Five Nights at Freddy's 2",2025,https://hugh.cdn.rumble.cloud/video/fwe2/46/s8/2/m/r/v/K/mrvKz.aaa.mp4
"F*llar Casar Matar",2025,https://1a-1791.com/video/fww1/ec/s8/2/K/u/o/e/Kuoez.aaa.mp4
"Amistad Toxica",2025,https://1a-1791.com/video/fww1/8e/s8/2/o/-/b/f/o-bfz.aaa.mp4
"Good Boy: Confía en su instinto",2025,https://1a-1791.com/video/fww1/b4/s8/2/y/o/S/5/yoS5z.aaa.mp4
"Gravedad",2013,https://1a-1791.com/video/fwe2/43/s8/2/-/q/A/n/-qAnw.aaa.mp4
"Guardianes",2017,https://1a-1791.com/video/fww1/64/s8/2/I/K/N/F/IKNFz.aaa.mp4
"Hacia el Bosque de las Luciérnagas",2011,https://hugh.cdn.rumble.cloud/video/s8/2/T/c/H/F/TcHFu.aaa.mp4
"Hermano naturaleza",2016,https://hugh.cdn.rumble.cloud/video/fwe1/80/s8/2/i/T/q/o/iTqoy.aaa.mp4
"Hijo del Crimen",2014,https://1a-1791.com/video/fww1/15/s8/2/M/9/J/I/M9JIz.aaa.mp4
"Hulk",2003,https://1a-1791.com/video/s8/2/m/Q/h/h/mQhhl.aaa.mp4
"Inframundo: La Evolución",2006,https://1a-1791.com/video/fwe2/c8/s8/2/U/h/T/J/UhTJz.aaa.mp4
"Inframundo",2003,https://1a-1791.com/video/fww1/f6/s8/2/S/t/T/J/StTJz.aaa.mp4
"Inframundo 3: La rebelión de los Lycans",2009,https://1a-1791.com/video/fww1/17/s8/2/-/-/S/J/--SJz.aaa.mp4
"Inframundo 4: El despertar",2012,https://1a-1791.com/video/fww1/e3/s8/2/C/9/S/J/C9SJz.aaa.mp4
"Inframundo 5: Guerras de sangre",2016,https://1a-1791.com/video/fww1/df/s8/2/8/C/Y/J/8CYJz.aaa.mp4
"Inheritance",2025,https://hugh.cdn.rumble.cloud/video/fwe1/70/s8/2/q/r/x/h/qrxhy.aaa.mp4
"Presas del abismo",2025,https://1a-1791.com/video/fwe2/5c/s8/2/7/b/f/a/7bfax.aaa.mp4
"Irrupción",2018,https://1a-1791.com/video/fwe2/ec/s8/2/6/U/u/e/6Uuex.aaa.mp4
"Isla Larva: La película",2020,https://1a-1791.com/video/s8/2/H/R/j/D/HRjDu.aaa.mp4
"Jack y Jill",2011,https://1a-1791.com/video/s8/2/W/c/u/L/WcuLs.aaa.mp4
"Johnny English 2: Recargado",2011,https://hugh.cdn.rumble.cloud/video/fww1/58/s8/2/I/2/v/c/I2vcz.aaa.mp4
"Jóvenes Brujas: La Nueva Hermandad",2020,https://1a-1791.com/video/s8/2/n/J/1/F/nJ1Fu.aaa.mp4
"Jurassic World",2015,https://1a-1791.com/video/fww1/62/s8/2/A/8/z/a/A8zaz.aaa.mp4
"Kingsman: El círculo dorado",2017,https://1a-1791.com/video/fwe2/69/s8/2/y/x/w/F/yxwFz.aaa.mp4
"Kromoleo",2024,https://1a-1791.com/video/fwe2/08/s8/2/D/m/P/o/DmPow.aaa.mp4
"La calle del terror (Parte 1): 1994",2021,https://1a-1791.com/video/fww1/76/s8/2/1/X/0/P/1X0Py.aaa.mp4
"La calle del terror (Parte 3): 1666",2021,https://1a-1791.com/video/fww1/1d/s8/2/p/3/0/P/p30Py.aaa.mp4
"La Carrera de la Muerte 2",2010,https://1a-1791.com/video/fwe2/d6/s8/2/Q/W/M/C/QWMCw.aaa.mp4
"La Leyenda de los Chaneques",2023,https://hugh.cdn.rumble.cloud/video/s8/2/m/m/h/G/mmhGu.aaa.mp4
"La leyenda del Rey Mono: El regreso del héroe",2015,https://hugh.cdn.rumble.cloud/video/fww1/b8/s8/2/f/V/u/Z/fVuZy.aaa.mp4
"La niñera: Reina letal",2020,https://1a-1791.com/video/s8/2/f/H/U/_/fHU_s.aaa.mp4
"Las aventuras de Maurice",2022,https://1a-1791.com/video/s8/2/R/F/V/S/RFVSu.aaa.mp4
"Lego Ninjago: La película",2017,https://1a-1791.com/video/fwe2/36/s8/2/0/Z/N/F/0ZNFz.aaa.mp4
"LEGO Star Wars: Especial de las Fiestas",2020,https://1a-1791.com/video/fwe2/e4/s8/2/u/v/a/I/uvaIz.aaa.mp4
"Los Goonies",1985,https://1a-1791.com/video/s8/2/D/w/H/w/DwHwt.aaa.mp4
"Los secretos que guardamos",2020,https://1a-1791.com/video/fwe2/c9/s8/2/q/M/M/K/qMMKz.aaa.mp4
"Los Simpson: Santa Homero",2024,https://1a-1791.com/video/s8/2/p/0/9/T/p09Tv.aaa.mp4
"¡Madre!",2017,https://1a-1791.com/video/fww1/e2/s8/2/e/9/y/F/e9yFz.aaa.mp4
"Marley y Yo",2008,https://hugh.cdn.rumble.cloud/video/fwe2/7c/s8/2/S/t/0/H/St0Hz.aaa.mp4
"Mi Primer Amor",2010,https://hugh.cdn.rumble.cloud/video/s8/2/R/h/x/U/RhxUn.aaa.mp4
"Londres, al filo del tiempo",2024,https://1a-1791.com/video/s8/2/s/k/6/B/sk6Bv.aaa.mp4
"Misión Frontera",2025,https://1a-1791.com/video/fwe2/82/s8/2/E/i/n/K/EinKz.aaa.mp4
"Misión: Imposible",1996,https://1a-1791.com/video/fww1/eb/s8/2/6/f/f/B/6ffBA.aaa.mp4
"Misión: Imposible 2",2000,https://1a-1791.com/video/fwe2/21/s8/2/-/3/g/B/-3gBA.aaa.mp4
"Misión: Imposible 3",2006,https://1a-1791.com/video/fww1/d5/s8/2/q/1/s/B/q1sBA.aaa.mp4
"Misión Imposible 5: Nación Secreta",2015,https://1a-1791.com/video/fwe2/0d/s8/2/q/D/w/B/qDwBA.aaa.mp4
"Ne Zha 2: El Renacer del Alma",2025,https://1a-1791.com/video/fwe2/c5/s8/2/4/7/K/q/47Kqz.aaa.mp4
"Need For Speed: La Película",2014,https://hugh.cdn.rumble.cloud/video/fwe2/b8/s8/2/S/2/g/o/S2goA.aaa.mp4
"Nezha: El renacer de un dios",2021,https://1a-1791.com/video/fwe2/b1/s8/2/Q/3/g/r/Q3gry.aaa.mp4
"Noche De Venganza",2017,https://1a-1791.com/video/fww1/de/s8/2/y/h/L/F/yhLFz.aaa.mp4
"Olaf: Otra aventura congelada de Frozen",2017,https://1a-1791.com/video/fwe2/a2/s8/2/0/q/x/F/0qxFz.aaa.mp4
"Paddington 2",2017,https://1a-1791.com/video/fwe2/9f/s8/2/9/s/A/T/9sATw.aaa.mp4
"Paddington",2014,https://hugh.cdn.rumble.cloud/video/fwe1/14/s8/2/L/5/p/P/L5pPw.aaa.mp4
"Pandemia",2016,https://1a-1791.com/video/fwe2/3a/s8/2/u/O/A/F/uOAFz.aaa.mp4
"Plan de escape",2013,https://1a-1791.com/video/fwe2/a5/s8/2/y/D/G/D/yDGDz.aaa.mp4
"Primera cita de Riley",2015,https://1a-1791.com/video/s8/2/m/p/m/H/mpmHs.aaa.mp4
"Puertas Abiertas",2018,https://1a-1791.com/video/fwe2/c8/s8/2/2/M/Q/F/2MQFz.aaa.mp4
"Quiero Matar a mi Jefe",2011,https://hugh.cdn.rumble.cloud/video/fww1/26/s8/2/-/Y/Y/C/-YYCz.aaa.mp4
"Rambo",1982,https://1a-1791.com/video/s8/2/g/P/3/D/gP3Do.aaa.mp4
"Red Social",2010,https://1a-1791.com/video/s8/2/c/j/7/R/cj7Rk.aaa.mp4
"Sangre codiciosa",2024,https://1a-1791.com/video/fwe2/2c/s8/2/B/7/U/j/B7Ujy.aaa.mp4
"Shaman",2025,https://1a-1791.com/video/fwe2/e0/s8/2/c/0/m/K/c0mKz.aaa.mp4
"Sin refugio",2016,https://1a-1791.com/video/fww1/4b/s8/2/E/y/g/F/EygFz.aaa.mp4
"Sin Remordimientos",2021,https://1a-1791.com/video/fww1/42/s8/2/h/R/q/X/hRqXy.aaa.mp4
"Sisu: Camino a la venganza",2025,https://1a-1791.com/video/fwe2/4d/s8/2/M/o/y/L/MoyLz.aaa.mp4
"Sunray: Fallen Soldier",2025,https://1a-1791.com/video/fww1/47/s8/2/K/5/e/H/K5eHz.aaa.mp4
"Super Me",2021,https://1a-1791.com/video/fwe2/63/s8/2/A/e/r/1/Aer1x.aaa.mp4
"Terminator 2: El juicio final",1991,https://1a-1791.com/video/s8/2/9/a/P/K/9aPKt.aaa.mp4
"Terror profundo",2017,https://1a-1791.com/video/fww1/15/s8/2/-/S/z/F/-SzFz.aaa.mp4
"The Other",2025,https://1a-1791.com/video/fww1/d9/s8/2/-/4/m/K/-4mKz.aaa.mp4
"Tierra Sombría",2018,https://1a-1791.com/video/fww1/33/s8/2/m/3/V/E/m3VEz.aaa.mp4
"Tom y Jerry y el valiente Robin Hood",2012,https://1a-1791.com/video/fwe2/ca/s8/2/9/I/I/x/9IIxx.aaa.mp4
"Triunfos Robados: Enfrentamiento mundial",2017,https://1a-1791.com/video/fw/s8/2/l/5/r/t/l5rtt.aaa.mp4
"Trol 2",2025,https://1a-1791.com/video/fww1/33/s8/2/M/S/r/5/MSr5z.aaa.mp4
"TRON: Ares",2025,https://1a-1791.com/video/fwe2/b2/s8/2/U/2/r/5/U2r5z.aaa.mp4
"Troya",2004,https://1a-1791.com/video/fwe2/dd/s8/2/o/x/F/6/oxF6z.aaa.mp4
"El Mundo Mágico de Terabithia",2007,https://1a-1791.com/video/s8/2/R/3/v/H/R3vHt.aaa.mp4
"Uma Advogada Brilhante",2025,https://1a-1791.com/video/fww1/47/s8/2/M/y/R/j/MyRjz.aaa.mp4
"Una cigüeña en apuros",2017,https://1a-1791.com/video/fwe2/46/s8/2/U/J/0/E/UJ0Ez.aaa.mp4
"Uno de esos días",2025,https://hugh.cdn.rumble.cloud/video/fww1/97/s8/2/Z/K/l/B/ZKlBy.aaa.mp4
"Viento salvaje",2017,https://1a-1791.com/video/fwe2/85/s8/2/A/o/6/F/Ao6Fz.aaa.mp4
"Y ella dijo quizás",2025,https://1a-1791.com/video/fww1/cc/s8/2/c/c/S/j/ccSjz.aaa.mp4
"100 metros",2025,https://1a-1791.com/video/fwe2/a6/s8/2/w/g/M/3/wgM3z.aaa.mp4
"50/50",2011,https://1a-1791.com/video/fww1/31/s8/2/8/x/b/P/8xbPz.aaa.mp4
"A través del mar",2023,https://1a-1791.com/video/fwe1/44/s8/2/S/u/J/a/SuJaw.aaa.mp4
"Amores Compartidos",2025,https://1a-1791.com/video/fww1/8e/s8/2/W/f/D/6/WfD6z.aaa.mp4
"Ángeles y demonios",2009,https://1a-1791.com/video/fww1/8c/s8/2/a/N/m/S/aNmSz.aaa.mp4
"Bajoterra: El mal del más alla",2014,https://hugh.cdn.rumble.cloud/video/fwe2/57/s8/2/M/E/i/L/MEiLz.aaa.mp4
"Bastardos sin gloria",2009,https://1a-1791.com/video/fww1/21/s8/2/Q/7/m/T/Q7mTz.aaa.mp4
"Bob Esponja: En busca de los pantalones cuadrados",2025,https://1a-1791.com/video/fwe2/44/s8/2/2/H/E/T/2HETz.aaa.mp4
"Bolt: Un perro fuera de serie",2008,https://hugh.cdn.rumble.cloud/video/fww1/c3/s8/2/w/L/R/o/wLRoA.aaa.mp4
"Caso 39",2009,https://1a-1791.com/video/fww1/ee/s8/2/K/e/N/R/KeNRz.aaa.mp4
"Crimen en primer grado",2002,https://1a-1791.com/video/fww1/6a/s8/2/e/6/E/N/e6ENz.aaa.mp4
"Despues de la lluvia",1999,https://1a-1791.com/video/fww1/80/s8/2/q/6/J/R/q6JRz.aaa.mp4
"Detective por error",2005,https://1a-1791.com/video/fwe2/43/s8/2/w/_/a/N/w_aNz.aaa.mp4
"Dirty Deeds",2005,https://1a-1791.com/video/fwe2/93/s8/2/q/D/U/O/qDUOz.aaa.mp4
"El cautivo",2025,https://1a-1791.com/video/fww1/9b/s8/2/M/Q/F/T/MQFTz.aaa.mp4
"El día del fin del mundo: Migración",2026,https://1a-1791.com/video/fwe2/d9/s8/2/8/D/K/-/8DK-z.aaa.mp4
"El día que la Tierra explotó: Una película de Looney Tunes",2024,https://1a-1791.com/video/fww1/6f/s8/2/J/B/4/H/JB4Hy.aaa.mp4
"El esquema Fenicio",2025,https://1a-1791.com/video/fww1/4f/s8/2/E/Q/2/4/EQ24y.aaa.mp4
"El Maestro del Agua",2014,https://1a-1791.com/video/fww1/b5/s8/2/g/n/t/R/gntRz.aaa.mp4
"El retorno de los muertos vivientes",2023,https://1a-1791.com/video/fwe2/22/s8/2/g/J/Z/l/gJZlz.aaa.mp4
"El último disparo",2017,https://1a-1791.com/video/fww1/23/s8/2/8/z/a/I/8zaIz.aaa.mp4
"Encuentro Explosivo",2010,https://1a-1791.com/video/fww1/a3/s8/2/s/w/t/R/swtRz.aaa.mp4
"Enola Holmes 2",2022,https://hugh.cdn.rumble.cloud/video/fww1/82/s8/2/C/Y/c/R/CYcRz.aaa.mp4
"Equipo Demolición",2026,https://1a-1791.com/video/fwe2/a7/s8/2/K/e/H/U/KeHUz.aaa.mp4
"Escape bajo fuego",2023,https://hugh.cdn.rumble.cloud/video/s8/2/A/a/B/P/AaBPn.aaa.mp4
"Estrellas Fugaces",2023,https://hugh.cdn.rumble.cloud/video/s8/2/G/4/n/x/G4nxm.aaa.mp4
"Familia en renta",2025,https://1a-1791.com/video/fwe2/a1/s8/2/u/g/M/3/ugM3z.aaa.mp4
"Fauces de la noche",2021,https://hugh.cdn.rumble.cloud/video/fww1/04/s8/2/E/x/T/O/ExTOz.aaa.mp4
"Flotar",2024,https://1a-1791.com/video/s8/2/2/d/y/R/2dyRr.aaa.mp4
"Freaky Tales",2025,https://1a-1791.com/video/fwe2/6a/s8/2/u/4/_/l/u4_lz.aaa.mp4
"Gente que conocemos en vacaciones",2026,https://1a-1791.com/video/fwe2/6c/s8/2/U/5/2/O/U52Oz.aaa.mp4
"La vigilante del futuro: Ghost in the Shell",2017,https://1a-1791.com/video/fww1/af/s8/2/8/4/w/O/84wOz.aaa.mp4
"Harpía: Acecho maligno",2025,https://1a-1791.com/video/fww1/d6/s8/2/s/E/F/T/sEFTz.aaa.mp4
"Hazme el favor",2023,https://hugh.cdn.rumble.cloud/video/s8/2/-/v/U/8/-vU8l.aaa.mp4
"Homo Argentum",2025,https://1a-1791.com/video/fww1/6b/s8/2/8/G/H/R/8GHRz.aaa.mp4
"Infierno abandonado",2023,https://1a-1791.com/video/fwe2/a3/s8/2/U/i/X/H/UiXHz.aaa.mp4
"Jane Austen arruinó mi vida",2025,https://hugh.cdn.rumble.cloud/video/fww1/6a/s8/2/W/8/k/S/W8kSz.aaa.mp4
"Juego Limpio",2023,https://1a-1791.com/video/s8/2/k/7/z/7/k7z7n.aaa.mp4
"Kim Possible: Todo un drama",2005,https://1a-1791.com/video/fwe2/2c/s8/2/o/t/v/P/otvPz.aaa.mp4
"Kung Fu Panda 2",2011,https://hugh.cdn.rumble.cloud/video/fwe2/67/s8/2/E/X/d/w/EXdwA.aaa.mp4
"Kung Fu Panda",2008,https://hugh.cdn.rumble.cloud/video/fww1/88/s8/2/4/3/1/v/431vA.aaa.mp4
"Kung Fu Panda 3",2016,https://hugh.cdn.rumble.cloud/video/fww1/4c/s8/2/s/f/g/w/sfgwA.aaa.mp4
"La Batalla de Riddick",2004,https://hugh.cdn.rumble.cloud/video/fwe2/a9/s8/2/E/t/1/q/Et1qA.aaa.mp4
"La cacería",2003,https://1a-1791.com/video/fww1/fc/s8/2/A/M/k/Q/AMkQz.aaa.mp4
"La Conspiración del Diablo",2023,https://hugh.cdn.rumble.cloud/video/s8/2/s/b/I/O/sbIOn.aaa.mp4
"La Nueva Cenicienta",2004,https://1a-1791.com/video/fwe2/87/s8/2/Y/i/C/Q/YiCQz.aaa.mp4
"La profecía",2006,https://1a-1791.com/video/fww1/6d/s8/2/8/K/A/Q/8KAQz.aaa.mp4
"Lizzie McGuire: Estrella Pop",2003,https://1a-1791.com/video/fwe2/b0/s8/2/q/B/F/Q/qBFQz.aaa.mp4
"Los Fantasmas de Scrooge",2009,https://1a-1791.com/video/fwe2/fe/s8/2/A/j/k/S/AjkSz.aaa.mp4
"Los Hechiceros Regresan: Alex vs. Alex",2013,https://1a-1791.com/video/fwe2/5c/s8/2/W/W/K/P/WWKPz.aaa.mp4
"Operación Hermanos",2019,https://1a-1791.com/video/fwe2/3f/s8/2/A/X/p/I/AXpIz.aaa.mp4
"Sigue mi voz",2025,https://hugh.cdn.rumble.cloud/video/fww1/75/s8/2/0/k/2/M/0k2Mz.aaa.mp4
"Todo de ti",2025,https://1a-1791.com/video/fww1/c7/s8/2/0/3/O/g/03OgA.aaa.mp4
"Tom y Jerry en la Tierra de Nieve",2022,https://1a-1791.com/video/s8/2/g/3/C/b/g3Cbl.aaa.mp4
"Wicked: Por siempre",2025,https://1a-1791.com/video/fwe2/ed/s8/2/a/Q/R/j/aQRjA.aaa.mp4
"Ahí estoy yo",2026,https://1a-1791.com/video/fwe2/7d/s8/2/S/v/y/Y/SvyYz.aaa.mp4
"Atrápame si puedes",2002,https://hugh.cdn.rumble.cloud/video/fwe2/04/s8/2/2/1/y/p/21ypA.aaa.mp4
"Aunque nuestro amor se desvanezca esta noche",2025,https://hugh.cdn.rumble.cloud/video/fww1/00/s8/2/w/J/5/Y/wJ5Yz.aaa.mp4
"Cortafuego",2026,https://1a-1791.com/video/fwe2/0c/s8/2/K/D/M/2/KDM2z.aaa.mp4
"Dueños De La Noche",2007,https://1a-1791.com/video/fwe2/d0/s8/2/-/b/D/Y/-bDYz.aaa.mp4
"El beso de la mujer araña",2025,https://hugh.cdn.rumble.cloud/video/fwe2/99/s8/2/y/6/I/3/y6I3z.aaa.mp4
"Win a Date with Tad Hamilton!",2004,https://1a-1791.com/video/fwe2/c4/s8/2/Y/1/N/Z/Y1NZz.aaa.mp4
"El diablo viste a la moda",2006,https://1a-1791.com/video/fww1/e5/s8/2/I/q/G/3/IqG3z.aaa.mp4
"El Elegido del Mal",2025,https://1a-1791.com/video/fww1/17/s8/2/i/c/W/Y/icWYz.aaa.mp4
"El engaño",2026,https://1a-1791.com/video/fww1/ee/s8/2/S/U/7/2/SU72z.aaa.mp4
"El Pequeño Soldado",2019,https://1a-1791.com/video/s8/2/Q/i/T/c/QiTck.aaa.mp4
"En un abrir y cerrar de ojos",2026,https://hugh.cdn.rumble.cloud/video/fww1/4a/s8/2/Y/C/W/3/YCW3z.aaa.mp4
"Fuera de control",2002,https://hugh.cdn.rumble.cloud/video/fwe2/89/s8/2/E/h/H/r/EhHrA.aaa.mp4
"Fuerza Trueno",2021,https://1a-1791.com/video/fwe2/fd/s8/2/u/T/X/Y/uTXYz.aaa.mp4
"La Astronauta",2025,https://1a-1791.com/video/fwe2/ca/s8/2/0/Z/a/2/0Za2z.aaa.mp4
"La ciudad perdida",2022,https://1a-1791.com/video/fww1/34/s8/2/q/F/f/Z/qFfZz.aaa.mp4
"La resistencia invisible",2025,https://1a-1791.com/video/fww1/48/s8/2/-/g/I/2/-gI2z.aaa.mp4
"LEGO Pixar: Animaventuras",2024,https://1a-1791.com/video/s8/2/L/e/_/y/Le_yt.aaa.mp4?u=0&b=0
"Mujercitas",2019,https://1a-1791.com/video/fwe2/ab/s8/2/Q/6/-/Y/Q6-Yz.aaa.mp4
"Pavana",2026,https://1a-1791.com/video/fwe2/1d/s8/2/-/J/G/2/-JG2z.aaa.mp4
"Primate",2026,https://1a-1791.com/video/fww1/0a/s8/2/a/d/W/Y/adWYz.aaa.mp4
"Punto de Quiebre",2015,https://1a-1791.com/video/fwe2/66/s8/2/I/2/x/Z/I2xZz.aaa.mp4
"Sin piedad",2026,https://1a-1791.com/video/fww1/1d/s8/2/2/5/j/6/25j6z.aaa.mp4
"St. Vincent",2014,https://1a-1791.com/video/s8/2/G/4/A/e/G4Aek.aaa.mp4
"Stealth: La Amenaza Invisible",2005,https://1a-1791.com/video/fww1/40/s8/2/Q/o/8/k/Qo8kA.aaa.mp4
"Tom y Jerry: La Brújula Mágica",2025,https://hugh.cdn.rumble.cloud/video/fww1/51/s8/2/q/S/A/3/qSA3z.aaa.mp4
"Vuelo 7500",2014,https://1a-1791.com/video/fww1/33/s8/2/2/T/E/0/2TE0z.aaa.mp4
"Zathura: Una aventura espacial",2005,https://files.eintim.me/content/cdn/mJBBMlTsKKqp.mp4
"Contra las cuerdas",2026,https://1a-1791.com/video/fwe2/db/s8/2/a/L/D/9/aLD9z.aaa.mp4
"“Cumbres Borrascosas”",2026,https://1a-1791.com/video/fww1/bd/s8/2/k/o/7/a/ko7aA.aaa.mp4
"El Último Rodeo",2025,https://1a-1791.com/video/fwe2/70/s8/2/k/K/T/7/kKT7z.aaa.mp4
"GOAT: La cabra que cambió el juego",2026,https://1a-1791.com/video/fww1/41/s8/2/E/f/l/_/Efl_z.aaa.mp4
"Jerarquía",2025,https://hugh.cdn.rumble.cloud/video/fww1/44/s8/2/w/y/0/5/wy05z.aaa.mp4
"Los Extraños: Capítulo 3",2026,https://1a-1791.com/video/fww1/df/s8/2/Y/U/L/g/YULgA.aaa.mp4
"Máquina de guerra",2026,https://1a-1791.com/video/fww1/57/s8/2/2/p/6/5/2p65z.aaa.mp4
"Marty Supremo",2025,https://1a-1791.com/video/fww1/b5/s8/2/O/9/f/9/O9f9z.aaa.mp4
"Patrulla Nocturna",2026,https://1a-1791.com/video/fwe2/43/s8/2/K/H/i/9/KHi9z.aaa.mp4
"Re/Member",2022,https://hugh.cdn.rumble.cloud/video/fww1/27/s8/2/w/C/K/a/wCKaA.aaa.mp4
"Un golpe con estilo",2017,https://1a-1791.com/video/fww1/27/s8/2/I/T/f/a/ITfaA.aaa.mp4
"18 rosas",2026,https://1a-1791.com/video/fww1/1f/s8/2/g/K/y/i/gKyiA.aaa.mp4
"911: Llamada Infernal",2026,https://hugh.cdn.rumble.cloud/video/fwe2/ee/s8/2/o/W/h/N/oWhNA.aaa.mp4
"Abajo el amor",2003,https://1a-1791.com/video/fwe2/a2/s8/2/M/U/O/e/MUOeA.aaa.mp4
"Analízame",1999,https://1a-1791.com/video/fwe2/02/s8/2/A/g/3/i/Ag3iA.aaa.mp4
"Analízate",2002,https://1a-1791.com/video/fwe2/02/s8/2/k/X/6/i/kX6iA.aaa.mp4
"Ápex",2026,https://hugh.cdn.rumble.cloud/video/fww1/79/s8/2/Y/R/e/t/YRetA.aaa.mp4
"Blindado: Sin Salida",2024,https://hugh.cdn.rumble.cloud/video/fwe2/d9/s8/2/U/H/M/y/UHMyA.aaa.mp4
"Bolas arriba",2026,https://1a-1791.com/video/fww1/e9/s8/2/i/S/h/g/iShgA.aaa.mp4
"De la cuna a la tumba",2003,https://1a-1791.com/video/fww1/a0/s8/2/a/u/r/i/auriA.aaa.mp4
"Después del apocalipsis",2024,https://1a-1791.com/video/fww1/3f/s8/2/y/D/H/j/yDHjA.aaa.mp4
"El muñeco de arcilla",2025,https://files.eintim.me/content/cdn/NZktLFwqkqXv.mp4
"Embestida",2026,https://1a-1791.com/video/fww1/09/s8/2/w/g/s/e/wgseA.aaa.mp4
"Escapada de espanto",2025,https://1a-1791.com/video/fwe2/34/s8/2/c/V/H/f/cVHfA.aaa.mp4
"Francotirador: Sin Nación",2026,https://1a-1791.com/video/fww1/dd/s8/2/Y/P/p/e/YPpeA.aaa.mp4
"Jugada Maestra",2026,https://1a-1791.com/video/fwe2/c7/s8/2/c/D/v/g/cDvgA.aaa.mp4
"La dama y el vagabundo",1955,https://1a-1791.com/video/fwe2/7e/s8/2/2/A/i/j/2AijA.aaa.mp4
"¡La novia!",2026,https://1a-1791.com/video/fwe2/1e/s8/2/O/6/x/e/O6xeA.aaa.mp4
"Líbralos Del Mal",2025,https://1a-1791.com/video/fwe2/2a/s8/2/-/a/L/e/-aLeA.aaa.mp4
"Lobos",2014,https://1a-1791.com/video/fwe2/81/s8/2/y/l/o/b/ylobA.aaa.mp4
"Los chicos del barrio Operación: C.E.R.O",2006,https://1a-1791.com/video/fwe2/5f/s8/2/A/G/0/j/AG0jA.aaa.mp4
"Los Duques de Hazzard",2005,https://1a-1791.com/video/fwe2/21/s8/2/C/P/I/k/CPIkA.aaa.mp4
"Muerte en invierno",2025,https://1a-1791.com/video/fww1/00/s8/2/u/2/v/g/u2vgA.aaa.mp4
"No te olvidaré",2026,https://1a-1791.com/video/fwe2/a9/s8/2/M/Z/S/f/MZSfA.aaa.mp4
"Outcome",2026,https://1a-1791.com/video/fwe2/df/s8/2/W/Q/s/e/WQseA.aaa.mp4
"Posesión Infernal",2013,https://1a-1791.com/video/fwe2/a7/s8/2/y/h/J/i/yhJiA.aaa.mp4
"Regresando a Casa",2009,https://1a-1791.com/video/fww1/1b/s8/2/q/Z/N/i/qZNiA.aaa.mp4
"Scream 7",2026,https://1a-1791.com/video/fww1/f1/s8/2/A/h/X/b/AhXbA.aaa.mp4
"Star Wars: Maul - Señor de las sombras",2026,https://hugh.cdn.rumble.cloud/video/fww1/74/s8/2/Q/5/y/u/Q5yuA.aaa.mp4
"Stranger Things: Relatos del 85",2026,https://1a-1791.com/video/fww1/8b/s8/2/2/v/V/h/2vVhA.aaa.mp4
"Te Van A Matar",2026,https://hugh.cdn.rumble.cloud/video/fwe2/94/s8/2/o/E/y/x/oEyxA.aaa.mp4
"Tiempo de Matar",1996,https://1a-1791.com/video/fww1/c0/s8/2/c/Y/L/k/cYLkA.aaa.mp4
"Tom y Jerry: La pelicula",1992,https://archive.org/download/tom_and_jerry_the_movie_latin_spanish/Tom%20y%20Jerry%20-%20La%20pel%C3%ADcula.ia.mp4
"Un día más para morir",2021,https://1a-1791.com/video/fwe2/3d/s8/2/u/R/l/j/uRljA.aaa.mp4
"Venganza",2026,https://1a-1791.com/video/fww1/bf/s8/2/k/e/M/g/keMgA.aaa.mp4
"Carrie",2013,https://1a-1791.com/video/fww1/74/s8/2/-/H/P/m/-HPmA.aaa.mp4
"Culto a Chucky",2017,https://hugh.cdn.rumble.cloud/video/fww1/b0/s8/2/E/k/1/s/Ek1sA.aaa.mp4
"Duro de matar",1988,https://1a-1791.com/video/fww1/3e/s8/2/Y/J/0/l/YJ0lA.aaa.mp4
"Duro de matar 2",1990,https://1a-1791.com/video/fww1/0e/s8/2/o/6/c/m/o6cmA.aaa.mp4
"Duro de matar 3: La venganza",1995,https://1a-1791.com/video/fww1/0c/s8/2/o/y/g/m/oygmA.aaa.mp4
"El Amigo",2025,https://1a-1791.com/video/fww1/dd/s8/2/g/8/A/j/g8AjA.aaa.mp4
"El Discipulo",2003,https://1a-1791.com/video/fww1/8d/s8/2/i/8/i/l/i8ilA.aaa.mp4
"El Drama",2026,https://hugh.cdn.rumble.cloud/video/fwe2/e0/s8/2/K/T/u/y/KTuyA.aaa.mp4
"El Susurro",2026,https://files.eintim.me/content/cdn/eXvpmAeKDNtF.mp4
"Frida",2002,https://hugh.cdn.rumble.cloud/video/fww1/67/s8/2/U/x/F/r/UxFrA.aaa.mp4
"Hoppers: Operación castor",2026,https://1a-1791.com/video/fww1/d7/s8/2/U/-/z/j/U-zjA.aaa.mp4
"Intercambiados",2026,https://1a-1791.com/video/fww1/a4/s8/2/e/N/-/j/eN-jA.aaa.mp4
"Invasores",2007,https://1a-1791.com/video/fwe2/e6/s8/2/q/_/U/j/q_UjA.aaa.mp4
"Juego de Honor",2005,https://1a-1791.com/video/fwe2/c6/s8/2/M/I/X/j/MIXjA.aaa.mp4
"La Noche que Volvimos a Casa",2024,https://1a-1791.com/video/fwe2/9d/s8/2/k/W/C/j/kWCjA.aaa.mp4
"La posesión de la momia",2026,https://hugh.cdn.rumble.cloud/video/fwe2/b8/s8/2/E/W/z/x/EWzxA.aaa.mp4
"Loca Academia de Pilotos 2",1993,https://1a-1791.com/video/fwe2/0d/s8/2/-/O/1/k/-O1kA.aaa.mp4
"Los Aristogatos",1970,https://hugh.cdn.rumble.cloud/video/fwe2/88/s8/2/q/6/k/o/q6koA.aaa.mp4
"Malcolm X",1992,https://hugh.cdn.rumble.cloud/video/fww1/3e/s8/2/q/o/d/r/qodrA.aaa.mp4
"Mi novia Polly",2004,https://hugh.cdn.rumble.cloud/video/fww1/5f/s8/2/8/p/j/r/8pjrA.aaa.mp4
"Ni en tus sueños",2010,https://hugh.cdn.rumble.cloud/video/fww1/a8/s8/2/O/3/Q/u/O3QuA.aaa.mp4
"Proyecto Fin del Mundo",2026,https://hugh.cdn.rumble.cloud/video/fwe2/c6/s8/2/O/H/c/q/OHcqA.aaa.mp4
"Reyes de las olas 2",2017,https://1a-1791.com/video/fwe2/86/s8/2/8/3/_/l/83_lA.aaa.mp4
"Super Mario Galaxy: La película",2026,https://files.eintim.me/content/cdn/cdxKYKmVBwGt.mp4
"Tarzán 2: El origen de la leyenda",2005,https://1a-1791.com/video/fwe2/09/s8/2/C/v/x/k/CvxkA.aaa.mp4
"Tierra de Osos 2",2006,https://hugh.cdn.rumble.cloud/video/fww1/d3/s8/2/c/i/a/p/ciapA.aaa.mp4
"Tierra de Osos",2003,https://hugh.cdn.rumble.cloud/video/fwe2/85/s8/2/g/I/V/o/gIVoA.aaa.mp4
"Todavía sé lo que hicieron el verano pasado",1998,https://1a-1791.com/video/fwe2/2e/s8/2/u/8/a/n/u8anA.aaa.mp4
"Un seductor irresistible",2009,https://hugh.cdn.rumble.cloud/video/fwe2/85/s8/2/C/W/R/s/CWRsA.aaa.mp4
"Parto Maldito",2025,https://files.eintim.me/content/cdn/qTMaNyOGVeAy.mp4
"Buena suerte, diviértete, no mueras",2026,https://files.eintim.me/content/cdn/KVKvvlPxNRaj.mp4
"Camino hacia el terror: La Fundación",2021,https://1a-1791.com/video/fwe2/27/s8/2/k/t/h/N/kthNA.aaa.mp4
"Culpa Tuya: Londres",2026,https://files.eintim.me/content/cdn/lKHDrXVBZYYE.mp4
"Exhuma: La Tumba Del Diablo",2024,https://hugh.cdn.rumble.cloud/video/fww1/41/s8/2/6/c/C/w/6cCwA.aaa.mp4
"Exit 8",2025,https://hugh.cdn.rumble.cloud/video/fwe2/3f/s8/2/c/V/2/z/cV2zA.aaa.mp4
"Hokum: La maldición de la bruja",2026,https://files.eintim.me/content/cdn/MeBaYqEOFmET.mp4
"Las ovejas detectives",2026,https://files.eintim.me/content/cdn/SYNJAIsEMgym.mp4
"Los colores del mal: Negro",2026,https://files.eintim.me/content/cdn/tQkQYWqACiAc.mp4
"Maridos en acción",2026,https://files.eintim.me/content/cdn/NnXiXWiNJxDD.mp4
"Mars Express",2023,https://hugh.cdn.rumble.cloud/video/fwe2/b2/s8/2/S/K/2/u/SK2uA.aaa.mp4
"Maze Runner: Correr o morir",2014,https://1a-1791.com/video/s8/2/u/Z/x/I/uZxIs.aaa.mp4
"Mensajes de voz para Isabelle",2026,https://files.eintim.me/content/cdn/FbOLKweqSqnW.mp4
"Obsesión",2026,https://files.eintim.me/content/cdn/SuGdaXpsmINe.mp4
"Proyecto Florida",2017,https://hugh.cdn.rumble.cloud/video/fwe2/2a/s8/2/i/N/1/s/iN1sA.aaa.mp4
"Psycho Killer: Asesino serial",2026,https://files.eintim.me/content/cdn/yeHVJOqSBbDv.mp4
"Rastreado",2025,https://files.eintim.me/content/cdn/vEMrQXcoMDIX.mp4
"The Amazing Digital Circus: El ultimo acto",2026,https://1a-1791.com/video/fww1/a4/s8/2/C/c/D/D/CcDDA.aaa.mp4
"Proyecto: El Internado",2026,https://files.eintim.me/content/cdn/mndBOypXqFmw.mp4
"Turbulencia En La Oficina",2026,https://files.eintim.me/content/cdn/mVUmwozMPsei.mp4
"Viaje al centro de la Tierra",2008,https://hugh.cdn.rumble.cloud/video/fwe2/fd/s8/2/w/q/7/y/wq7yA.aaa.mp4
"Amos del Universo",2026,https://files.eintim.me/content/cdn/ISUDAJnyBKxw.mp4
"¡Ay, mamá!",2026,https://files.eintim.me/content/cdn/MLsEKHrJATai.mp4
"Backrooms: Sin salida",2026,https://files.eintim.me/content/cdn/fgZrVgknLmeV.mp4
"Balística",2026,https://files.eintim.me/content/cdn/aRrpTzaqcVAV.mp4
"De jungla a jungla",1997,https://files.eintim.me/content/cdn/IdWvxPAkNRkf.mp4
"No entrar",2026,https://us-cdn-0.firestream.to/encodings/e2556260-f0d9-40d4-adf5-40e43414f14d/ca0e5ac0-a813-44b3-bf3f-33b43510c1d0/0809afb2-5373-4d07-974e-7519eea30200/video.mp4
"El Cobrador De Deudas",2026,https://fr-cdn-2.firestream.to/encodings/74a86438-d899-4686-a52f-b33caa510ba2/22ebfd70-f994-4e07-90c3-d74d81e97f96/0809afb2-5373-4d07-974e-7519eea30200/video.mp4
"El día de la revelación",2026,https://ia600604.us.archive.org/34/items/3l-d-14-d-3-74-r-3v-374c-10n-2026/3l_d14_d3_74_r3v374c10n_2026.mp4
"El Pasajero Del Diablo",2026,https://files.eintim.me/content/cdn/FOQRQXGvoTJI.mp4
"El último camino",2009,https://files.eintim.me/content/cdn/FUriYBTpEIkP.mp4
"El ultimo disparo",2023,https://files.eintim.me/content/cdn/zyTbhzphkOJB.mp4
"En la zona gris",2026,https://1a-1791.com/video/fwe2/64/s8/2/c/E/w/F/cEwFA.aaa.mp4
"Fantasmas de Marte",2001,https://files.eintim.me/content/cdn/LFYZjswOQkOs.mp4
"Fragmentado",2017,https://1a-1791.com/video/fww1/4e/s8/2/c/x/1/C/cx1CA.aaa.mp4
"Guerra de Papás",2015,https://1a-1791.com/video/fww1/1d/s8/2/K/w/z/D/KwzDA.aaa.mp4
"Hasta el final",2026,https://files.eintim.me/content/cdn/AwhFcusPViWV.mp4
"He-Man y Los Amos Del Universo (Masters of the Universe)",1987,https://files.eintim.me/content/cdn/GtlboBITpdFz.mp4
"La Bestia Del Pantano",2026,https://fr-cdn-2.firestream.to/encodings/74a86438-d899-4686-a52f-b33caa510ba2/96f169aa-2e3e-47d5-8123-b06d83e26e90/0809afb2-5373-4d07-974e-7519eea30200/video.mp4
"El Ases",2026,https://files.eintim.me/content/cdn/WaLxCDIrYUqT.mp4
"Invocación",2025,https://files.eintim.me/content/cdn/SRxdAdpsgAnV.mp4
"La Voluntad de Dios",2026,https://files.eintim.me/content/cdn/LgxsEtCDmsxM.mp4
"The Mad Game",2022,https://files.eintim.me/content/cdn/UIZQEYQBCdzo.mp4
"La casaca de Dios",2026,https://files.eintim.me/content/cdn/PJYTQRxuNepE.mp4
"La desconocida",2026,https://files.eintim.me/content/cdn/GvhzxyTPUDDa.mp4
"Las mujeres arriba",2000,https://files.eintim.me/content/cdn/LRVqQmvwuGDY.mp4
"Los Viejo$ Bandido$",2026,https://files.eintim.me/content/cdn/KwPZcxMHcEYI.mp4
"Death on the Border",2023,https://files.eintim.me/content/cdn/SjxhtzfqUfLN.mp4
"Normal",2026,https://files.eintim.me/content/cdn/SGyihBDytQfe.mp4
"Papá a Cargo",2026,https://files.eintim.me/content/cdn/ucpvjELoiqSF.mp4
"Risa y la cabina del viento",2026,https://files.eintim.me/content/cdn/AiRubYcoxBMi.mp4
"Star Wars: The Mandalorian and Grogu",2026,https://files.eintim.me/content/cdn/gTHtdNiNgwLR.mp4
"Susana y Elvira: Sin plan B",2026,https://files.eintim.me/content/cdn/LzOlGKCdCYFp.mp4
"Temporada de Sangre",2025,https://files.eintim.me/content/cdn/wNwLtNWsXKol.mp4
"Xeno: Amistad Desde el Más Allá",2025,https://files.eintim.me/content/cdn/IbpLdolEorsa.mp4
"Abuela tremenda",2026,https://files.eintim.me/content/cdn/WvUwNjvPkBfg.mp4
"El Joven Washington",2026,https://files.eintim.me/content/cdn/MmlZjldCTAzw.mp4
"Jackass: La última y nos vamos",2026,https://files.eintim.me/content/cdn/GbfImMIuQfEz.mp4
"La casa de la playa",2026,https://files.eintim.me/content/cdn/bjVNqXcVBigX.mp4
"La muerte de Robin Hood",2026,https://us-cdn-0.firestream.to/encodings/74a86438-d899-4686-a52f-b33caa510ba2/250f030f-ce12-48ae-99f2-06957c3e5a35/0809afb2-5373-4d07-974e-7519eea30200/video.mp4
"Minions & Monstruos",2026,https://files.eintim.me/content/cdn/iYOGguChZxGQ.mp4
"No se desea buena suerte",2026,https://fr-cdn-1.firestream.to/encodings/74a86438-d899-4686-a52f-b33caa510ba2/b1c8b4a6-cf8e-4d7d-8acc-27168bfec86b/0809afb2-5373-4d07-974e-7519eea30200/video.mp4
"Piña express",2008,https://files.eintim.me/content/cdn/BOJzNnpPuYqA.mp4
"Quémese después de leerse",2008,https://files.eintim.me/content/cdn/gWFKufPGrINt.mp4
"Super Charlie",2024,https://files.eintim.me/content/cdn/UKLHzWyoiiAt.mp4
"Un hijo propio",2026,https://files.eintim.me/content/cdn/HxBlRlIwlGEU.mp4
"Vino para robar",2013,https://files.eintim.me/content/cdn/KRwsCXPVjVSf.mp4
"23 000 vidas",2026,https://files.eintim.me/content/cdn/cvcwnlpIxeQI.mp4
"Animales",2026,https://us-cdn-1.firestream.to/encodings/74a86438-d899-4686-a52f-b33caa510ba2/882c23f7-8817-435c-8bbb-6d6ddb6c7a48/0809afb2-5373-4d07-974e-7519eea30200/video.mp4
"Ases Calientes",2006,https://archive.org/download/l-4-lt-1m-4-c-4rt-2006.1080/L4_%40lt1m4_C4rt%40_2006.1080.mp4
"Atomica",2017,https://1a-1791.com/video/fww1/b8/s8/2/s/f/T/G/sfTGz.aaa.mp4
"Atómica",2017,https://1a-1791.com/video/fww1/b8/s8/2/s/f/T/G/sfTGz.aaa.mp4
"Atrapados en lo Profundo",2024,https://hugh.cdn.rumble.cloud/video/fwe2/2e/s8/2/M/t/D/o/MtDoA.aaa.mp4
"Avatar: Fuego y ceniza",2025,https://1a-1791.com/video/fww1/a2/s8/2/y/S/9/a/yS9aA.aaa.mp4
"Bichos: Una Aventura en Miniatura",1998,https://files.eintim.me/content/cdn/NTWbsfAWKMdF.mp4
"Bolt: Un perro fuera de serie",2008,https://files.eintim.me/content/cdn/WkRfGuvDeHWx.mp4
"Camp Rock 3",2026,https://fi-cdn-0.firestream.to/encodings/74a86438-d899-4686-a52f-b33caa510ba2/be7fe4ce-3888-4e73-a221-26f6907a06af/0809afb2-5373-4d07-974e-7519eea30200/video.mp4
"Colombiana",2011,https://files.eintim.me/content/cdn/YHagDfBmggbq.mp4
"¿Cómo saber si es amor?",2010,https://1a-1791.com/video/fwe2/9f/s8/2/E/G/s/N/EGsNz.aaa.mp4
"Deseo",2026,https://files.eintim.me/content/cdn/ZSNdWpUPlQFN.mp4
"Duna: Parte dos",2024,https://1a-1791.com/video/fw/s8/2/L/A/W/6/LAW6r.aaa.mp4
"La noche de los hombres lobo",2024,https://1a-1791.com/video/fww1/63/s8/2/P/J/7/L/PJ7Ly.aaa.mp4
"El diablo viste a la moda 2",2026,https://files.eintim.me/content/cdn/aFkXZTKNkOUR.mp4
"El Manuscrito De Dante",2026,https://files.eintim.me/content/cdn/xBCCFxDGSUCJ.mp4
"El único",2001,https://files.eintim.me/content/cdn/VnaaSnHDCPit.mp4
"Lujuria en el convento",2017,https://files.eintim.me/content/cdn/nfPMuTTbIVwf.mp4
"Enola Holmes 3",2026,https://files.eintim.me/content/cdn/aDXQEMSoutGj.mp4
"Esto, aquello y todo lo demás",2026,https://files.eintim.me/content/cdn/QennsFJQarCj.mp4
"Oscuros",2016,https://files.eintim.me/content/cdn/ODgSIMnDkKNZ.mp4
"Acosador nocturno: A la caza de un asesino en serie",,https://hugh.cdn.rumble.cloud/video/s8/2/H/R/t/-/HRt-r.aaa.mp4
"Agatha Christie: Las siete esferas",,https://1a-1791.com/video/fww1/6a/s8/2/I/x/0/S/Ix0Sz.aaa.mp4
"Batman: El enmascarado",,https://files.eintim.me/content/cdn/ylmDlhvSyNDj.mp4
"Cuenta regresiva",,https://1a-1791.com/video/fwe2/b0/s8/2/E/1/V/4/E1V4z.aaa.mp4
"El agente nocturno",,https://hugh.cdn.rumble.cloud/video/fwe2/2e/s8/2/K/U/X/2/KUX2z.aaa.mp4
"El caballero de los Siete Reinos",,https://1a-1791.com/video/fwe2/0d/s8/2/i/c/g/2/icg2z.aaa.mp4
"El Pingüino",,https://hugh.cdn.rumble.cloud/video/s8/2/t/k/f/D/tkfDu.aaa.mp4
"Entre las llamas: La hija perdida",,https://1a-1791.com/video/s8/2/A/x/i/H/AxiHt.aaa.mp4
"Estamos Muertos",,https://hugh.cdn.rumble.cloud/video/s8/2/v/k/c/2/vkc2r.aaa.mp4
"Falcon Y El Soldado Del Invierno",,https://1a-1791.com/video/fwe2/ae/s8/2/V/B/j/g/VBjgx.aaa.mp4
"Humo",,https://1a-1791.com/video/fww1/99/s8/2/2/f/I/a/2fIaz.aaa.mp4
"INVENCIBLE",,https://1a-1791.com/video/fww1/e1/s8/2/0/N/w/h/0NwhA.aaa.mp4
"IT: Bienvenidos a Derry",,https://hugh.cdn.rumble.cloud/video/fwe2/18/s8/2/A/I/e/I/AIeIz.aaa.mp4
"La casa del dragón",,https://hugh.cdn.rumble.cloud/video/fwe2/e4/s8/2/M/Y/p/O/MYpOA.aaa.mp4
"La chica nueva",,https://1a-1791.com/video/s8/2/x/v/a/W/xvaWv.aaa.mp4
"La luz que no puedes ver",,https://hugh.cdn.rumble.cloud/video/fwe1/06/s8/2/m/7/t/D/m7tDx.aaa.mp4
"Legado de sangre",,https://hugh.cdn.rumble.cloud/video/fw/s8/2/n/C/V/N/nCVNt.aaa.mp4
"LEGO Pixar: Animaventuras",,https://1a-1791.com/video/s8/2/L/e/_/y/Le_yt.aaa.mp4?u=0&b=0
"Los ojos de Wakanda",,https://1a-1791.com/video/fww1/3a/s8/2/y/K/F/7/yKF7y.aaa.mp4
"Maxton Hall: Un mundo entre nosotros",,https://hugh.cdn.rumble.cloud/video/fwe2/6c/s8/2/C/O/U/D/COUDz.aaa.mp4
"Me haces falta",,https://1a-1791.com/video/fwe2/09/s8/2/V/W/E/k/VWEkw.aaa.mp4
"Merlina",1983,https://hugh.cdn.rumble.cloud/video/fww1/95/s8/2/M/N/R/e/MNRez.aaa.mp4
"Monarch: Legado de monstruos",,https://1a-1791.com/video/fwe2/ff/s8/2/6/R/9/j/6R9jA.aaa.mp4
"Otra dimensión",,https://1a-1791.com/video/s8/2/M/3/M/I/M3MIn.aaa.mp4
"Planeta prehistórico",,https://1a-1791.com/video/fww1/0a/s8/2/A/i/h/G/AihGz.aaa.mp4
"Prime Target: Objetivo clave",,https://1a-1791.com/video/fwe2/cd/s8/2/Y/0/5/p/Y05py.aaa.mp4
"Prohibido enamorarse",,https://hugh.cdn.rumble.cloud/video/s8/2/n/c/D/x/ncDxt.aaa.mp4?u=0&b=0
"Record of Ragnarok",,https://1a-1791.com/video/fwe2/f6/s8/2/8/-/9/G/8-9Gz.aaa.mp4
"Solo Leveling",,https://pixeldrain.com/api/file/9daxUuKA
"Star Wars: Maul - Señor de las sombras",,https://hugh.cdn.rumble.cloud/video/fww1/74/s8/2/Q/5/y/u/Q5yuA.aaa.mp4
"Stranger Things",,https://hugh.cdn.rumble.cloud/video/fwe2/70/s8/2/k/-/D/M/k-DMz.aaa.mp4
"Stranger Things: Relatos del 85",,https://1a-1791.com/video/fww1/8b/s8/2/2/v/V/h/2vVhA.aaa.mp4
"Super Cubo",,https://pixeldrain.com/api/file/noxJJoHF
"The Mandalorian",,https://hugh.cdn.rumble.cloud/video/fwe2/de/s8/2/2/p/_/T/2p_Tz.aaa.mp4
"Ghost Rider: el vengador fantasma",2007,https://files.eintim.me/content/cdn/QyFlmhSwUstr.mp4
"G.I. Joe 2: El Contraataque",2013,https://files.eintim.me/content/cdn/WVaKggPjDWCI.mp4
"Guardianes de la Galaxia volumen 2",2017,https://1a-1791.com/video/fww1/54/s8/2/N/f/w/L/NfwLy.aaa.mp4
"Guns Akimbo",2020,https://archive.org/download/gunakimbo.-2019.1080p-dual-lat-cinecalidad.is/Guns.akimbo.2019.1080p-dual-lat-cinecalidad.is.mp4
"Heartstopper Forever",2026,https://files.eintim.me/content/cdn/ablugpYpcLXJ.mp4
"Humint",2026,https://1a-1791.com/video/fwe2/12/s8/2/6/S/X/b/6SXbA.aaa.mp4
"Furia de leyenda",1994,https://files.eintim.me/content/cdn/lBRcRbKLdjKG.mp4
"El legado",2018,https://1a-1791.com/video/fww1/ac/s8/2/k/p/q/2/kpq2z.aaa.mp4
"La casa del dragón",2022,https://hugh.cdn.rumble.cloud/video/fwe2/1b/s8/2/A/W/7/J/AW7JA.aaa.mp4
"Los locos Addams II",1993,https://hugh.cdn.rumble.cloud/video/s8/2/6/7/r/O/67rOn.aaa.mp4
"La Llegada",2016,https://files.eintim.me/content/cdn/YijcCosKzMCK.mp4
"La última casa",2026,https://fi-cdn-0.firestream.to/encodings/e2556260-f0d9-40d4-adf5-40e43414f14d/93db77db-e848-4abc-8146-f8ffd7a29d9a/0809afb2-5373-4d07-974e-7519eea30200/video.mp4
"Love Me, Love Me",2026,https://hugh.cdn.rumble.cloud/video/fwe2/99/s8/2/K/A/K/Z/KAKZz.aaa.mp4
"Margaret",2011,https://files.eintim.me/content/cdn/IXtJZzrIUeDr.mp4
"Misión Rescate",2015,https://files.eintim.me/content/cdn/qXiXzijvopoM.mp4
"Maxton Hall: Un mundo entre nosotros",2024,https://hugh.cdn.rumble.cloud/video/fwe2/6c/s8/2/C/O/U/D/COUDz.aaa.mp4
"Megalodon",2018,https://hugh.cdn.rumble.cloud/video/fwe2/f8/s8/2/c/C/b/n/cCbnz.aaa.mp4
"Megalodón",2018,https://hugh.cdn.rumble.cloud/video/fwe2/f8/s8/2/c/C/b/n/cCbnz.aaa.mp4
"Merlina",2022,https://hugh.cdn.rumble.cloud/video/fww1/95/s8/2/M/N/R/e/MNRez.aaa.mp4
"Michael",2026,https://hugh.cdn.rumble.cloud/video/fwe2/f2/s8/2/G/M/m/A/GMmAA.aaa.mp4
"Nando entre dos mundos: Una película de Sintonía",2026,https://fr-cdn-0.firestream.to/encodings/74a86438-d899-4686-a52f-b33caa510ba2/62fe2529-5b13-47b6-83b4-f02477560ff2/0809afb2-5373-4d07-974e-7519eea30200/video.mp4
"Oz:  El Poderoso",2013,https://files.eintim.me/content/cdn/CPxoUfXQtcFu.mp4
"Peaky Blinders: El hombre inmortal",2026,https://1a-1791.com/video/fww1/95/s8/2/M/U/p/-/MUp-z.aaa.mp4
"Pocahontas",1995,https://files.eintim.me/content/cdn/IpQexNpEuFDB.mp4
"Prometeo",2012,https://1a-1791.com/video/s8/2/v/L/J/_/vLJ_n.aaa.mp4
"Rambo III",1988,https://1a-1791.com/video/fww1/ef/s8/2/y/I/h/0/yIh0z.aaa.mp4
"Redux Redux",2025,https://1a-1791.com/video/fww1/4d/s8/2/Y/F/3/5/YF35z.aaa.mp4
"Rocky II",1979,https://hugh.cdn.rumble.cloud/video/fwe2/35/s8/2/6/i/5/n/6i5nz.aaa.mp4
"Shaolin Soccer",2001,https://files.eintim.me/content/cdn/CddyqfIzOPIC.mp4
"Humo",2025,https://1a-1791.com/video/fww1/99/s8/2/2/f/I/a/2fIaz.aaa.mp4
"Miniespías: Armagedón",2023,https://archive.org/download/reset-peliculas-septiembre-ver-miniespias-armagedon-online-hd-cuevana-2/reset_peliculas_septiembre_Ver%20Miniesp%C3%ADas-%20Armaged%C3%B3n%20online%20HD%20-%20Cuevana%202.mp4 
"Stranger Things",2016,https://hugh.cdn.rumble.cloud/video/fwe2/70/s8/2/k/-/D/M/k-DMz.aaa.mp4
"Supergirl",2026,https://hugh.cdn.rumble.cloud/video/fwe2/78/s8/2/M/i/h/K/MihKA.aaa.mp4
"The Mandalorian",2019,https://hugh.cdn.rumble.cloud/video/fwe2/de/s8/2/2/p/_/T/2p_Tz.aaa.mp4
"Toy Story 5",2026,https://files.eintim.me/content/cdn/BmmRsWyALaUm.mp4
"En trance",2013,https://files.eintim.me/content/cdn/nXXKWWtSRCKE.mp4
"Until Dawn: Noche de terror",2025,https://1a-1791.com/video/fww1/c9/s8/2/u/h/z/a/uhzaA.aaa.mp4
"Avengers: Endgame",2019,https://archive.org/download/lxx-2-eweam-f-4-bh-0-we-aiw-2019/LXX2EweamF4Bh0WeAIW2019.mp4
"Yo antes de ser yo",2026,https://files.eintim.me/content/cdn/ZYKLWXRDBKVl.mp4
